{
  "credit": "Made with Blockbench",
  "parent": "builtin/entity",
  "texture_size": [
    32,
    32
  ],
  "display": {
    "thirdperson_righthand": {
      "rotation": [
        -158.71000000000004,
        -86.5,
        -174.1199999999999
      ],
      "translation": [
        -0.5,
        -7,
        -0.5
      ]
    },
    "thirdperson_lefthand": {
      "rotation": [
        -167.46000000000004,
        -86.5,
        -174.1199999999999
      ],
      "translation": [
        -0.5,
        -8.75,
        1
      ]
    },
    "firstperson_righthand": {
      "rotation": [
        167.25,
        -85,
        -180
      ],
      "translation": [
        0.5,
        -5.1,
        2
      ]
    },
    "firstperson_lefthand": {
      "rotation": [
        167.25,
        -85,
        -180
      ],
      "translation": [
        0.5,
        -4.25,
        2
      ]
    },
    "ground": {
      "rotation": [
        81.57999999999993,
        -0.8800000000001091,
        -19.679999999999836
      ],
      "translation": [
        -2,
        0,
        -3.25
      ],
      "scale": [
        0.59961,
        0.5332,
        1
      ]
    },
    "gui": {
      "rotation": [
        0,
        0,
        -42.5
      ],
      "translation": [
        -4,
        -3.75,
        0
      ],
      "scale": [
        0.77539,
        0.61719,
        1
      ]
    },
    "fixed": {
      "rotation": [
        0,
        0,
        43
      ],
      "translation": [
        3,
        -3.75,
        0.75
      ],
      "scale": [
        0.77539,
        0.60938,
        1
      ]
    }
  },
  "textures": {
    "particle": "dnmmod:item/fire_staff"
  }
}