[13авг.2026 22:22:17.293] [main/INFO] [cpw.mods.modlauncher.Launcher/MODLAUNCHER]: ModLauncher running: args [--launchTarget, forgedatauserdev, --assetIndex, 5, --assetsDir, C:\Users\Валера\.gradle\caches\forge_gradle\assets, --gameDir, ., --fml.forgeVersion, 47.4.0, --fml.mcVersion, 1.20.1, --fml.forgeGroup, net.minecraftforge, --fml.mcpVersion, 20230612.114412, --mod, dnmmod, --all, --output, C:\Modding\DnM\src\generated\resources, --existing, C:\Modding\DnM\src\main\resources, --mixin.config, mixins.dnmmod.json]
[13авг.2026 22:22:17.297] [main/INFO] [cpw.mods.modlauncher.Launcher/MODLAUNCHER]: ModLauncher 10.0.9+10.0.9+main.dcd20f30 starting: java version 17.0.12 by Oracle Corporation; OS Windows 10 arch amd64 version 10.0
[13авг.2026 22:22:17.318] [main/DEBUG] [cpw.mods.modlauncher.LaunchServiceHandler/MODLAUNCHER]: Found launch services [fmlclientdev,forgeclient,minecraft,forgegametestserverdev,fmlserveruserdev,fmlclient,fmldatauserdev,forgeserverdev,forgeserveruserdev,forgeclientdev,forgeclientuserdev,forgeserver,forgedatadev,fmlserver,fmlclientuserdev,fmlserverdev,forgedatauserdev,testharness,forgegametestserveruserdev]
[13авг.2026 22:22:17.330] [main/DEBUG] [cpw.mods.modlauncher.NameMappingServiceHandler/MODLAUNCHER]: Found naming services : [srgtomcp]
[13авг.2026 22:22:17.343] [main/DEBUG] [cpw.mods.modlauncher.LaunchPluginHandler/MODLAUNCHER]: Found launch plugins: [mixin,eventbus,slf4jfixer,object_holder_definalize,runtime_enum_extender,capability_token_subclass,accesstransformer,runtimedistcleaner]
[13авг.2026 22:22:17.352] [main/DEBUG] [cpw.mods.modlauncher.TransformationServicesHandler/MODLAUNCHER]: Discovering transformation services
[13авг.2026 22:22:17.357] [main/DEBUG] [net.minecraftforge.fml.loading.FMLPaths/CORE]: Path GAMEDIR is C:\Modding\DnM\run-data
[13авг.2026 22:22:17.357] [main/DEBUG] [net.minecraftforge.fml.loading.FMLPaths/CORE]: Path MODSDIR is C:\Modding\DnM\run-data\mods
[13авг.2026 22:22:17.357] [main/DEBUG] [net.minecraftforge.fml.loading.FMLPaths/CORE]: Path CONFIGDIR is C:\Modding\DnM\run-data\config
[13авг.2026 22:22:17.357] [main/DEBUG] [net.minecraftforge.fml.loading.FMLPaths/CORE]: Path FMLCONFIG is C:\Modding\DnM\run-data\config\fml.toml
[13авг.2026 22:22:17.390] [main/DEBUG] [cpw.mods.modlauncher.TransformationServicesHandler/MODLAUNCHER]: Found additional transformation services from discovery services: 
[13авг.2026 22:22:17.395] [main/INFO] [net.minecraftforge.fml.loading.ImmediateWindowHandler/]: ImmediateWindowProvider not loading because launch target is forgedatauserdev
[13авг.2026 22:22:17.401] [main/DEBUG] [cpw.mods.modlauncher.TransformationServicesHandler/MODLAUNCHER]: Found transformer services : [mixin,fml]
[13авг.2026 22:22:17.402] [main/DEBUG] [cpw.mods.modlauncher.TransformationServicesHandler/MODLAUNCHER]: Transformation services loading
[13авг.2026 22:22:17.402] [main/DEBUG] [cpw.mods.modlauncher.TransformationServiceDecorator/MODLAUNCHER]: Loading service mixin
[13авг.2026 22:22:17.403] [main/DEBUG] [cpw.mods.modlauncher.TransformationServiceDecorator/MODLAUNCHER]: Loaded service mixin
[13авг.2026 22:22:17.403] [main/DEBUG] [cpw.mods.modlauncher.TransformationServiceDecorator/MODLAUNCHER]: Loading service fml
[13авг.2026 22:22:17.404] [main/DEBUG] [net.minecraftforge.fml.loading.LauncherVersion/CORE]: Found FMLLauncher version 1.0
[13авг.2026 22:22:17.404] [main/DEBUG] [net.minecraftforge.fml.loading.FMLLoader/CORE]: FML 1.0 loading
[13авг.2026 22:22:17.404] [main/DEBUG] [net.minecraftforge.fml.loading.FMLLoader/CORE]: FML found ModLauncher version : 10.0.9+10.0.9+main.dcd20f30
[13авг.2026 22:22:17.404] [main/DEBUG] [net.minecraftforge.fml.loading.FMLLoader/CORE]: Requesting CoreMods to not apply the fix for ASMAPI.findFirstInstructionBefore by default
[13авг.2026 22:22:17.405] [main/DEBUG] [net.minecraftforge.fml.loading.FMLLoader/CORE]: FML found AccessTransformer version : 8.0.4+66+master.c09db6d7
[13авг.2026 22:22:17.405] [main/DEBUG] [net.minecraftforge.fml.loading.FMLLoader/CORE]: FML found EventBus version : 6.0.5+6.0.5+master.eb8e549b
[13авг.2026 22:22:17.405] [main/DEBUG] [net.minecraftforge.fml.loading.FMLLoader/CORE]: Found Runtime Dist Cleaner
[13авг.2026 22:22:17.407] [main/DEBUG] [net.minecraftforge.coremod.CoreModEngine/]: CoreMods will preserve legacy behavior of ASMAPI.findFirstInstructionBefore for backwards-compatibility
[13авг.2026 22:22:17.407] [main/DEBUG] [net.minecraftforge.fml.loading.FMLLoader/CORE]: FML found CoreMod version : 5.2.4
[13авг.2026 22:22:17.407] [main/DEBUG] [net.minecraftforge.fml.loading.FMLLoader/CORE]: Found ForgeSPI package implementation version 7.0.1+7.0.1+master.d2b38bf6
[13авг.2026 22:22:17.408] [main/DEBUG] [net.minecraftforge.fml.loading.FMLLoader/CORE]: Found ForgeSPI package specification 5
[13авг.2026 22:22:17.408] [main/DEBUG] [cpw.mods.modlauncher.TransformationServiceDecorator/MODLAUNCHER]: Loaded service fml
[13авг.2026 22:22:17.408] [main/DEBUG] [cpw.mods.modlauncher.TransformationServicesHandler/MODLAUNCHER]: Configuring option handling for services
[13авг.2026 22:22:17.413] [main/DEBUG] [cpw.mods.modlauncher.TransformationServicesHandler/MODLAUNCHER]: Transformation services initializing
[13авг.2026 22:22:17.414] [main/DEBUG] [cpw.mods.modlauncher.TransformationServiceDecorator/MODLAUNCHER]: Initializing transformation service mixin
[13авг.2026 22:22:17.427] [main/DEBUG] [mixin/]: MixinService [ModLauncher] was successfully booted in cpw.mods.cl.ModuleClassLoader@64cd705f
[13авг.2026 22:22:17.441] [main/INFO] [mixin/]: SpongePowered MIXIN Subsystem Version=0.8.5 Source=union:/C:/Users/Валера/.gradle/caches/modules-2/files-2.1/org.spongepowered/mixin/0.8.5/9d1c0c3a304ae6697ecd477218fa61b850bf57fc/mixin-0.8.5.jar%23129!/ Service=ModLauncher Env=CLIENT
[13авг.2026 22:22:17.470] [main/DEBUG] [mixin/]: Initialising Mixin Platform Manager
[13авг.2026 22:22:17.470] [main/DEBUG] [mixin/]: Adding mixin platform agents for container ModLauncher Root Container(ModLauncher:4f56a0a2)
[13авг.2026 22:22:17.471] [main/DEBUG] [mixin/]: Instancing new MixinPlatformAgentMinecraftForge for ModLauncher Root Container(ModLauncher:4f56a0a2)
[13авг.2026 22:22:17.471] [main/DEBUG] [mixin/]: MixinPlatformAgentMinecraftForge rejected container ModLauncher Root Container(ModLauncher:4f56a0a2)
[13авг.2026 22:22:17.472] [main/DEBUG] [mixin/]: Instancing new MixinPlatformAgentDefault for ModLauncher Root Container(ModLauncher:4f56a0a2)
[13авг.2026 22:22:17.472] [main/DEBUG] [mixin/]: MixinPlatformAgentDefault accepted container ModLauncher Root Container(ModLauncher:4f56a0a2)
[13авг.2026 22:22:17.474] [main/DEBUG] [cpw.mods.modlauncher.TransformationServiceDecorator/MODLAUNCHER]: Initialized transformation service mixin
[13авг.2026 22:22:17.474] [main/DEBUG] [cpw.mods.modlauncher.TransformationServiceDecorator/MODLAUNCHER]: Initializing transformation service fml
[13авг.2026 22:22:17.475] [main/DEBUG] [net.minecraftforge.fml.loading.FMLServiceProvider/CORE]: Setting up basic FML game directories
[13авг.2026 22:22:17.475] [main/DEBUG] [net.minecraftforge.fml.loading.FMLPaths/CORE]: Path GAMEDIR is C:\Modding\DnM\run-data
[13авг.2026 22:22:17.476] [main/DEBUG] [net.minecraftforge.fml.loading.FMLPaths/CORE]: Path MODSDIR is C:\Modding\DnM\run-data\mods
[13авг.2026 22:22:17.476] [main/DEBUG] [net.minecraftforge.fml.loading.FMLPaths/CORE]: Path CONFIGDIR is C:\Modding\DnM\run-data\config
[13авг.2026 22:22:17.476] [main/DEBUG] [net.minecraftforge.fml.loading.FMLPaths/CORE]: Path FMLCONFIG is C:\Modding\DnM\run-data\config\fml.toml
[13авг.2026 22:22:17.476] [main/DEBUG] [net.minecraftforge.fml.loading.FMLServiceProvider/CORE]: Loading configuration
[13авг.2026 22:22:17.479] [main/DEBUG] [net.minecraftforge.fml.loading.FMLServiceProvider/CORE]: Preparing ModFile
[13авг.2026 22:22:17.483] [main/DEBUG] [net.minecraftforge.fml.loading.FMLServiceProvider/CORE]: Preparing launch handler
[13авг.2026 22:22:17.483] [main/DEBUG] [net.minecraftforge.fml.loading.FMLLoader/CORE]: Using forgedatauserdev as launch service
[13авг.2026 22:22:17.495] [main/DEBUG] [net.minecraftforge.fml.loading.FMLLoader/CORE]: Received command line version data  : VersionInfo[forgeVersion=47.4.0, mcVersion=1.20.1, mcpVersion=20230612.114412, forgeGroup=net.minecraftforge]
[13авг.2026 22:22:17.496] [main/DEBUG] [cpw.mods.modlauncher.TransformationServiceDecorator/MODLAUNCHER]: Initialized transformation service fml
[13авг.2026 22:22:17.497] [main/DEBUG] [cpw.mods.modlauncher.NameMappingServiceHandler/MODLAUNCHER]: Current naming domain is 'mcp'
[13авг.2026 22:22:17.498] [main/DEBUG] [cpw.mods.modlauncher.NameMappingServiceHandler/MODLAUNCHER]: Identified name mapping providers {srg=srgtomcp:1234}
[13авг.2026 22:22:17.498] [main/DEBUG] [cpw.mods.modlauncher.TransformationServicesHandler/MODLAUNCHER]: Transformation services begin scanning
[13авг.2026 22:22:17.498] [main/DEBUG] [cpw.mods.modlauncher.TransformationServiceDecorator/MODLAUNCHER]: Beginning scan trigger - transformation service mixin
[13авг.2026 22:22:17.499] [main/DEBUG] [cpw.mods.modlauncher.TransformationServiceDecorator/MODLAUNCHER]: End scan trigger - transformation service mixin
[13авг.2026 22:22:17.499] [main/DEBUG] [cpw.mods.modlauncher.TransformationServiceDecorator/MODLAUNCHER]: Beginning scan trigger - transformation service fml
[13авг.2026 22:22:17.499] [main/DEBUG] [net.minecraftforge.fml.loading.FMLServiceProvider/CORE]: Initiating mod scan
[13авг.2026 22:22:17.510] [main/DEBUG] [net.minecraftforge.fml.loading.moddiscovery.ModListHandler/CORE]: Found mod coordinates from lists: []
[13авг.2026 22:22:17.513] [main/DEBUG] [net.minecraftforge.fml.loading.moddiscovery.ModDiscoverer/CORE]: Found Mod Locators : (mods folder:null),(maven libs:null),(exploded directory:null),(minecraft:null),(userdev classpath:null)
[13авг.2026 22:22:17.514] [main/DEBUG] [net.minecraftforge.fml.loading.moddiscovery.ModDiscoverer/CORE]: Found Dependency Locators : (JarInJar:null)
[13авг.2026 22:22:17.521] [main/DEBUG] [net.minecraftforge.fml.loading.targets.CommonLaunchHandler/CORE]: Got mod coordinates dnmmod%%C:\Modding\DnM\build\resources\main;dnmmod%%C:\Modding\DnM\build\classes\java\main from env
[13авг.2026 22:22:17.523] [main/DEBUG] [net.minecraftforge.fml.loading.targets.CommonLaunchHandler/CORE]: Found supplied mod coordinates [{dnmmod=[C:\Modding\DnM\build\resources\main, C:\Modding\DnM\build\classes\java\main]}]
[13авг.2026 22:22:17.758] [main/DEBUG] [net.minecraftforge.fml.loading.moddiscovery.ModFileInfo/LOADING]: Found valid mod file forge-1.20.1-47.4.0_mapped_parchment_2023.09.03-1.20.1-recomp.jar with {minecraft} mods - versions {1.20.1}
[13авг.2026 22:22:17.763] [main/DEBUG] [net.minecraftforge.fml.loading.moddiscovery.ModFileParser/LOADING]: Considering mod file candidate C:\Users\Валера\.gradle\caches\modules-2\files-2.1\net.minecraftforge\javafmllanguage\1.20.1-47.4.0\f0c0b352173d0a378cbdcec9cfc4ba65899a721\javafmllanguage-1.20.1-47.4.0.jar
[13авг.2026 22:22:17.763] [main/WARN] [net.minecraftforge.fml.loading.moddiscovery.ModFileParser/LOADING]: Mod file C:\Users\Валера\.gradle\caches\modules-2\files-2.1\net.minecraftforge\javafmllanguage\1.20.1-47.4.0\f0c0b352173d0a378cbdcec9cfc4ba65899a721\javafmllanguage-1.20.1-47.4.0.jar is missing mods.toml file
[13авг.2026 22:22:17.767] [main/DEBUG] [net.minecraftforge.fml.loading.moddiscovery.ModFileParser/LOADING]: Considering mod file candidate C:\Users\Валера\.gradle\caches\modules-2\files-2.1\net.minecraftforge\lowcodelanguage\1.20.1-47.4.0\e862740d8c84d08dbfedea412bef88fe42e727c5\lowcodelanguage-1.20.1-47.4.0.jar
[13авг.2026 22:22:17.767] [main/WARN] [net.minecraftforge.fml.loading.moddiscovery.ModFileParser/LOADING]: Mod file C:\Users\Валера\.gradle\caches\modules-2\files-2.1\net.minecraftforge\lowcodelanguage\1.20.1-47.4.0\e862740d8c84d08dbfedea412bef88fe42e727c5\lowcodelanguage-1.20.1-47.4.0.jar is missing mods.toml file
[13авг.2026 22:22:17.771] [main/DEBUG] [net.minecraftforge.fml.loading.moddiscovery.ModFileParser/LOADING]: Considering mod file candidate C:\Users\Валера\.gradle\caches\modules-2\files-2.1\net.minecraftforge\mclanguage\1.20.1-47.4.0\5719b3a297a33f877ed5dde4cb4bd75c859096af\mclanguage-1.20.1-47.4.0.jar
[13авг.2026 22:22:17.771] [main/WARN] [net.minecraftforge.fml.loading.moddiscovery.ModFileParser/LOADING]: Mod file C:\Users\Валера\.gradle\caches\modules-2\files-2.1\net.minecraftforge\mclanguage\1.20.1-47.4.0\5719b3a297a33f877ed5dde4cb4bd75c859096af\mclanguage-1.20.1-47.4.0.jar is missing mods.toml file
[13авг.2026 22:22:17.775] [main/DEBUG] [net.minecraftforge.fml.loading.moddiscovery.ModFileParser/LOADING]: Considering mod file candidate C:\Users\Валера\.gradle\caches\modules-2\files-2.1\net.minecraftforge\fmlcore\1.20.1-47.4.0\235975dafa4309945b59c56b53f31dc5b65a6051\fmlcore-1.20.1-47.4.0.jar
[13авг.2026 22:22:17.775] [main/WARN] [net.minecraftforge.fml.loading.moddiscovery.ModFileParser/LOADING]: Mod file C:\Users\Валера\.gradle\caches\modules-2\files-2.1\net.minecraftforge\fmlcore\1.20.1-47.4.0\235975dafa4309945b59c56b53f31dc5b65a6051\fmlcore-1.20.1-47.4.0.jar is missing mods.toml file
[13авг.2026 22:22:17.779] [main/DEBUG] [net.minecraftforge.fml.loading.moddiscovery.ModFileParser/LOADING]: Considering mod file candidate C:\Modding\DnM\build\resources\main
[13авг.2026 22:22:17.787] [main/DEBUG] [net.minecraftforge.fml.loading.moddiscovery.ModFileInfo/LOADING]: Found valid mod file main with {dnmmod} mods - versions {1.0.0-1.20.1}
[13авг.2026 22:22:17.790] [main/DEBUG] [net.minecraftforge.fml.loading.moddiscovery.ModFileParser/LOADING]: Considering mod file candidate /
[13авг.2026 22:22:17.792] [main/DEBUG] [net.minecraftforge.fml.loading.moddiscovery.ModFileInfo/LOADING]: Found valid mod file  with {forge} mods - versions {47.4.0}
[13авг.2026 22:22:17.816] [main/DEBUG] [net.minecraftforge.fml.loading.moddiscovery.ModFileParser/LOADING]: Considering mod file candidate C:\Users\Валера\.gradle\caches\forge_gradle\deobf_dependencies\curse\maven\playeranimator-658587\4587214_mapped_parchment_2023.09.03-1.20.1\playeranimator-658587-4587214_mapped_parchment_2023.09.03-1.20.1.jar
[13авг.2026 22:22:17.817] [main/DEBUG] [net.minecraftforge.fml.loading.moddiscovery.ModFileInfo/LOADING]: Found valid mod file playeranimator-658587-4587214_mapped_parchment_2023.09.03-1.20.1.jar with {playeranimator} mods - versions {1.0.2-rc1+1.20}
[13авг.2026 22:22:17.820] [main/DEBUG] [net.minecraftforge.fml.loading.moddiscovery.ModFileParser/LOADING]: Considering mod file candidate C:\Users\Валера\.gradle\caches\forge_gradle\deobf_dependencies\curse\maven\caelus-308989\5281700_mapped_parchment_2023.09.03-1.20.1\caelus-308989-5281700_mapped_parchment_2023.09.03-1.20.1.jar
[13авг.2026 22:22:17.821] [main/DEBUG] [net.minecraftforge.fml.loading.moddiscovery.ModFileInfo/LOADING]: Found valid mod file caelus-308989-5281700_mapped_parchment_2023.09.03-1.20.1.jar with {caelus} mods - versions {3.2.0+1.20.1}
[13авг.2026 22:22:17.825] [main/DEBUG] [net.minecraftforge.fml.loading.moddiscovery.ModFileParser/LOADING]: Considering mod file candidate C:\Users\Валера\.gradle\caches\forge_gradle\deobf_dependencies\curse\maven\geckolib-388172\6658942_mapped_parchment_2023.09.03-1.20.1\geckolib-388172-6658942_mapped_parchment_2023.09.03-1.20.1.jar
[13авг.2026 22:22:17.826] [main/DEBUG] [net.minecraftforge.fml.loading.moddiscovery.ModFileInfo/LOADING]: Found valid mod file geckolib-388172-6658942_mapped_parchment_2023.09.03-1.20.1.jar with {geckolib} mods - versions {4.7.2}
[13авг.2026 22:22:17.830] [main/DEBUG] [net.minecraftforge.fml.loading.moddiscovery.ModFileParser/LOADING]: Considering mod file candidate C:\Users\Валера\.gradle\caches\forge_gradle\deobf_dependencies\curse\maven\curios-309927\6418456_mapped_parchment_2023.09.03-1.20.1\curios-309927-6418456_mapped_parchment_2023.09.03-1.20.1.jar
[13авг.2026 22:22:17.833] [main/DEBUG] [net.minecraftforge.fml.loading.moddiscovery.ModFileInfo/LOADING]: Found valid mod file curios-309927-6418456_mapped_parchment_2023.09.03-1.20.1.jar with {curios} mods - versions {5.14.1+1.20.1}
[13авг.2026 22:22:17.836] [main/DEBUG] [net.minecraftforge.fml.loading.moddiscovery.ModFileParser/LOADING]: Considering mod file candidate C:\Users\Валера\.gradle\caches\forge_gradle\deobf_dependencies\curse\maven\pehkui-319596\5208247_mapped_parchment_2023.09.03-1.20.1\pehkui-319596-5208247_mapped_parchment_2023.09.03-1.20.1.jar
[13авг.2026 22:22:17.837] [main/DEBUG] [net.minecraftforge.fml.loading.moddiscovery.ModFileInfo/LOADING]: Found valid mod file pehkui-319596-5208247_mapped_parchment_2023.09.03-1.20.1.jar with {pehkui} mods - versions {3.8.0+1.20.1-forge}
[13авг.2026 22:22:17.840] [main/DEBUG] [net.minecraftforge.fml.loading.moddiscovery.ModFileParser/LOADING]: Considering mod file candidate C:\Users\Валера\.gradle\caches\forge_gradle\deobf_dependencies\curse\maven\puffish-attributes-991341\7437975_mapped_parchment_2023.09.03-1.20.1\puffish-attributes-991341-7437975_mapped_parchment_2023.09.03-1.20.1.jar
[13авг.2026 22:22:17.841] [main/DEBUG] [net.minecraftforge.fml.loading.moddiscovery.ModFileInfo/LOADING]: Found valid mod file puffish-attributes-991341-7437975_mapped_parchment_2023.09.03-1.20.1.jar with {puffish_attributes} mods - versions {0.8.1}
[13авг.2026 22:22:17.845] [main/DEBUG] [net.minecraftforge.fml.loading.moddiscovery.ModFileParser/LOADING]: Considering mod file candidate C:\Users\Валера\.gradle\caches\forge_gradle\deobf_dependencies\maven\modrinth\9nfaJPtX\DbpRfa2k_mapped_parchment_2023.09.03-1.20.1\9nfaJPtX-DbpRfa2k_mapped_parchment_2023.09.03-1.20.1.jar
[13авг.2026 22:22:17.845] [main/DEBUG] [net.minecraftforge.fml.loading.moddiscovery.ModFileInfo/LOADING]: Found valid mod file 9nfaJPtX-DbpRfa2k_mapped_parchment_2023.09.03-1.20.1.jar with {irons_lib} mods - versions {1.20.1-2.1.0}
[13авг.2026 22:22:17.851] [main/DEBUG] [net.minecraftforge.fml.loading.moddiscovery.ModFileParser/LOADING]: Considering mod file candidate C:\Users\Валера\.gradle\caches\forge_gradle\deobf_dependencies\maven\modrinth\s4OWxYQQ\9v34JOKI_mapped_parchment_2023.09.03-1.20.1\s4OWxYQQ-9v34JOKI_mapped_parchment_2023.09.03-1.20.1.jar
[13авг.2026 22:22:17.852] [main/DEBUG] [net.minecraftforge.fml.loading.moddiscovery.ModFileInfo/LOADING]: Found valid mod file s4OWxYQQ-9v34JOKI_mapped_parchment_2023.09.03-1.20.1.jar with {irons_spellbooks} mods - versions {1.20.1-3.16.2}
[13авг.2026 22:22:17.856] [main/DEBUG] [net.minecraftforge.fml.loading.moddiscovery.ModFileParser/LOADING]: Considering mod file candidate C:\Users\Валера\.gradle\caches\forge_gradle\deobf_dependencies\curse\maven\jei-238222\6600311_mapped_parchment_2023.09.03-1.20.1\jei-238222-6600311_mapped_parchment_2023.09.03-1.20.1.jar
[13авг.2026 22:22:17.857] [main/DEBUG] [net.minecraftforge.fml.loading.moddiscovery.ModFileInfo/LOADING]: Found valid mod file jei-238222-6600311_mapped_parchment_2023.09.03-1.20.1.jar with {jei} mods - versions {15.20.0.112}
[13авг.2026 22:22:17.861] [main/DEBUG] [net.minecraftforge.fml.loading.moddiscovery.ModFileParser/LOADING]: Considering mod file candidate C:\Users\Валера\.gradle\caches\forge_gradle\deobf_dependencies\maven\modrinth\better-combat\1.8.6+1.20.1-forge_mapped_parchment_2023.09.03-1.20.1\better-combat-1.8.6+1.20.1-forge_mapped_parchment_2023.09.03-1.20.1.jar
[13авг.2026 22:22:17.862] [main/DEBUG] [net.minecraftforge.fml.loading.moddiscovery.ModFileInfo/LOADING]: Found valid mod file better-combat-1.8.6+1.20.1-forge_mapped_parchment_2023.09.03-1.20.1.jar with {bettercombat} mods - versions {1.8.6+1.20.1}
[13авг.2026 22:22:17.865] [main/DEBUG] [net.minecraftforge.fml.loading.moddiscovery.ModFileParser/LOADING]: Considering mod file candidate C:\Users\Валера\.gradle\caches\forge_gradle\deobf_dependencies\maven\modrinth\cloth-config\11.1.136+forge_mapped_parchment_2023.09.03-1.20.1\cloth-config-11.1.136+forge_mapped_parchment_2023.09.03-1.20.1.jar
[13авг.2026 22:22:17.866] [main/DEBUG] [net.minecraftforge.fml.loading.moddiscovery.ModFileInfo/LOADING]: Found valid mod file cloth-config-11.1.136+forge_mapped_parchment_2023.09.03-1.20.1.jar with {cloth_config} mods - versions {11.1.136}
[13авг.2026 22:22:17.870] [main/DEBUG] [net.minecraftforge.fml.loading.moddiscovery.ModFileParser/LOADING]: Considering mod file candidate C:\Users\Валера\.gradle\caches\forge_gradle\deobf_dependencies\curse\maven\playeranimator-658587\4587214_mapped_parchment_2023.09.03-1.20.1\playeranimator-658587-4587214_mapped_parchment_2023.09.03-1.20.1.jar
[13авг.2026 22:22:17.870] [main/DEBUG] [net.minecraftforge.fml.loading.moddiscovery.ModFileInfo/LOADING]: Found valid mod file playeranimator-658587-4587214_mapped_parchment_2023.09.03-1.20.1.jar with {playeranimator} mods - versions {1.0.2-rc1+1.20}
[13авг.2026 22:22:17.874] [main/DEBUG] [net.minecraftforge.fml.loading.moddiscovery.ModFileParser/LOADING]: Considering mod file candidate C:\Users\Валера\.gradle\caches\forge_gradle\deobf_dependencies\curse\maven\caelus-308989\5281700_mapped_parchment_2023.09.03-1.20.1\caelus-308989-5281700_mapped_parchment_2023.09.03-1.20.1.jar
[13авг.2026 22:22:17.874] [main/DEBUG] [net.minecraftforge.fml.loading.moddiscovery.ModFileInfo/LOADING]: Found valid mod file caelus-308989-5281700_mapped_parchment_2023.09.03-1.20.1.jar with {caelus} mods - versions {3.2.0+1.20.1}
[13авг.2026 22:22:17.878] [main/DEBUG] [net.minecraftforge.fml.loading.moddiscovery.ModFileParser/LOADING]: Considering mod file candidate C:\Users\Валера\.gradle\caches\forge_gradle\deobf_dependencies\curse\maven\geckolib-388172\6658942_mapped_parchment_2023.09.03-1.20.1\geckolib-388172-6658942_mapped_parchment_2023.09.03-1.20.1.jar
[13авг.2026 22:22:17.879] [main/DEBUG] [net.minecraftforge.fml.loading.moddiscovery.ModFileInfo/LOADING]: Found valid mod file geckolib-388172-6658942_mapped_parchment_2023.09.03-1.20.1.jar with {geckolib} mods - versions {4.7.2}
[13авг.2026 22:22:17.882] [main/DEBUG] [net.minecraftforge.fml.loading.moddiscovery.ModFileParser/LOADING]: Considering mod file candidate C:\Users\Валера\.gradle\caches\forge_gradle\deobf_dependencies\curse\maven\curios-309927\6418456_mapped_parchment_2023.09.03-1.20.1\curios-309927-6418456_mapped_parchment_2023.09.03-1.20.1.jar
[13авг.2026 22:22:17.883] [main/DEBUG] [net.minecraftforge.fml.loading.moddiscovery.ModFileInfo/LOADING]: Found valid mod file curios-309927-6418456_mapped_parchment_2023.09.03-1.20.1.jar with {curios} mods - versions {5.14.1+1.20.1}
[13авг.2026 22:22:17.886] [main/DEBUG] [net.minecraftforge.fml.loading.moddiscovery.ModFileParser/LOADING]: Considering mod file candidate C:\Users\Валера\.gradle\caches\forge_gradle\deobf_dependencies\curse\maven\pehkui-319596\5208247_mapped_parchment_2023.09.03-1.20.1\pehkui-319596-5208247_mapped_parchment_2023.09.03-1.20.1.jar
[13авг.2026 22:22:17.887] [main/DEBUG] [net.minecraftforge.fml.loading.moddiscovery.ModFileInfo/LOADING]: Found valid mod file pehkui-319596-5208247_mapped_parchment_2023.09.03-1.20.1.jar with {pehkui} mods - versions {3.8.0+1.20.1-forge}
[13авг.2026 22:22:17.890] [main/DEBUG] [net.minecraftforge.fml.loading.moddiscovery.ModFileParser/LOADING]: Considering mod file candidate C:\Users\Валера\.gradle\caches\forge_gradle\deobf_dependencies\curse\maven\puffish-attributes-991341\7437975_mapped_parchment_2023.09.03-1.20.1\puffish-attributes-991341-7437975_mapped_parchment_2023.09.03-1.20.1.jar
[13авг.2026 22:22:17.891] [main/DEBUG] [net.minecraftforge.fml.loading.moddiscovery.ModFileInfo/LOADING]: Found valid mod file puffish-attributes-991341-7437975_mapped_parchment_2023.09.03-1.20.1.jar with {puffish_attributes} mods - versions {0.8.1}
[13авг.2026 22:22:17.894] [main/DEBUG] [net.minecraftforge.fml.loading.moddiscovery.ModFileParser/LOADING]: Considering mod file candidate C:\Users\Валера\.gradle\caches\forge_gradle\deobf_dependencies\maven\modrinth\9nfaJPtX\DbpRfa2k_mapped_parchment_2023.09.03-1.20.1\9nfaJPtX-DbpRfa2k_mapped_parchment_2023.09.03-1.20.1.jar
[13авг.2026 22:22:17.895] [main/DEBUG] [net.minecraftforge.fml.loading.moddiscovery.ModFileInfo/LOADING]: Found valid mod file 9nfaJPtX-DbpRfa2k_mapped_parchment_2023.09.03-1.20.1.jar with {irons_lib} mods - versions {1.20.1-2.1.0}
[13авг.2026 22:22:17.901] [main/DEBUG] [net.minecraftforge.fml.loading.moddiscovery.ModFileParser/LOADING]: Considering mod file candidate C:\Users\Валера\.gradle\caches\forge_gradle\deobf_dependencies\maven\modrinth\s4OWxYQQ\9v34JOKI_mapped_parchment_2023.09.03-1.20.1\s4OWxYQQ-9v34JOKI_mapped_parchment_2023.09.03-1.20.1.jar
[13авг.2026 22:22:17.902] [main/DEBUG] [net.minecraftforge.fml.loading.moddiscovery.ModFileInfo/LOADING]: Found valid mod file s4OWxYQQ-9v34JOKI_mapped_parchment_2023.09.03-1.20.1.jar with {irons_spellbooks} mods - versions {1.20.1-3.16.2}
[13авг.2026 22:22:17.905] [main/DEBUG] [net.minecraftforge.fml.loading.moddiscovery.ModFileParser/LOADING]: Considering mod file candidate C:\Users\Валера\.gradle\caches\forge_gradle\deobf_dependencies\curse\maven\jei-238222\6600311_mapped_parchment_2023.09.03-1.20.1\jei-238222-6600311_mapped_parchment_2023.09.03-1.20.1.jar
[13авг.2026 22:22:17.906] [main/DEBUG] [net.minecraftforge.fml.loading.moddiscovery.ModFileInfo/LOADING]: Found valid mod file jei-238222-6600311_mapped_parchment_2023.09.03-1.20.1.jar with {jei} mods - versions {15.20.0.112}
[13авг.2026 22:22:17.909] [main/DEBUG] [net.minecraftforge.fml.loading.moddiscovery.ModFileParser/LOADING]: Considering mod file candidate C:\Users\Валера\.gradle\caches\forge_gradle\deobf_dependencies\maven\modrinth\better-combat\1.8.6+1.20.1-forge_mapped_parchment_2023.09.03-1.20.1\better-combat-1.8.6+1.20.1-forge_mapped_parchment_2023.09.03-1.20.1.jar
[13авг.2026 22:22:17.910] [main/DEBUG] [net.minecraftforge.fml.loading.moddiscovery.ModFileInfo/LOADING]: Found valid mod file better-combat-1.8.6+1.20.1-forge_mapped_parchment_2023.09.03-1.20.1.jar with {bettercombat} mods - versions {1.8.6+1.20.1}
[13авг.2026 22:22:17.914] [main/DEBUG] [net.minecraftforge.fml.loading.moddiscovery.ModFileParser/LOADING]: Considering mod file candidate C:\Users\Валера\.gradle\caches\forge_gradle\deobf_dependencies\maven\modrinth\cloth-config\11.1.136+forge_mapped_parchment_2023.09.03-1.20.1\cloth-config-11.1.136+forge_mapped_parchment_2023.09.03-1.20.1.jar
[13авг.2026 22:22:17.914] [main/DEBUG] [net.minecraftforge.fml.loading.moddiscovery.ModFileInfo/LOADING]: Found valid mod file cloth-config-11.1.136+forge_mapped_parchment_2023.09.03-1.20.1.jar with {cloth_config} mods - versions {11.1.136}
[13авг.2026 22:22:17.918] [main/DEBUG] [net.minecraftforge.fml.loading.UniqueModListBuilder/]: Found 2 mods for first modid irons_spellbooks, selecting most recent based on version data
[13авг.2026 22:22:17.918] [main/DEBUG] [net.minecraftforge.fml.loading.UniqueModListBuilder/]: Selected file s4OWxYQQ-9v34JOKI_mapped_parchment_2023.09.03-1.20.1.jar for modid irons_spellbooks with version 1.20.1-3.16.2
[13авг.2026 22:22:17.919] [main/DEBUG] [net.minecraftforge.fml.loading.UniqueModListBuilder/]: Found 2 mods for first modid bettercombat, selecting most recent based on version data
[13авг.2026 22:22:17.919] [main/DEBUG] [net.minecraftforge.fml.loading.UniqueModListBuilder/]: Selected file better-combat-1.8.6+1.20.1-forge_mapped_parchment_2023.09.03-1.20.1.jar for modid bettercombat with version 1.8.6+1.20.1
[13авг.2026 22:22:17.919] [main/DEBUG] [net.minecraftforge.fml.loading.UniqueModListBuilder/]: Found 2 mods for first modid geckolib, selecting most recent based on version data
[13авг.2026 22:22:17.919] [main/DEBUG] [net.minecraftforge.fml.loading.UniqueModListBuilder/]: Selected file geckolib-388172-6658942_mapped_parchment_2023.09.03-1.20.1.jar for modid geckolib with version 4.7.2
[13авг.2026 22:22:17.919] [main/DEBUG] [net.minecraftforge.fml.loading.UniqueModListBuilder/]: Found 2 mods for first modid playeranimator, selecting most recent based on version data
[13авг.2026 22:22:17.919] [main/DEBUG] [net.minecraftforge.fml.loading.UniqueModListBuilder/]: Selected file playeranimator-658587-4587214_mapped_parchment_2023.09.03-1.20.1.jar for modid playeranimator with version 1.0.2-rc1+1.20
[13авг.2026 22:22:17.919] [main/DEBUG] [net.minecraftforge.fml.loading.UniqueModListBuilder/]: Found 2 mods for first modid jei, selecting most recent based on version data
[13авг.2026 22:22:17.919] [main/DEBUG] [net.minecraftforge.fml.loading.UniqueModListBuilder/]: Selected file jei-238222-6600311_mapped_parchment_2023.09.03-1.20.1.jar for modid jei with version 15.20.0.112
[13авг.2026 22:22:17.919] [main/DEBUG] [net.minecraftforge.fml.loading.UniqueModListBuilder/]: Found 2 mods for first modid irons_lib, selecting most recent based on version data
[13авг.2026 22:22:17.920] [main/DEBUG] [net.minecraftforge.fml.loading.UniqueModListBuilder/]: Selected file 9nfaJPtX-DbpRfa2k_mapped_parchment_2023.09.03-1.20.1.jar for modid irons_lib with version 1.20.1-2.1.0
[13авг.2026 22:22:17.920] [main/DEBUG] [net.minecraftforge.fml.loading.UniqueModListBuilder/]: Found 2 mods for first modid pehkui, selecting most recent based on version data
[13авг.2026 22:22:17.920] [main/DEBUG] [net.minecraftforge.fml.loading.UniqueModListBuilder/]: Selected file pehkui-319596-5208247_mapped_parchment_2023.09.03-1.20.1.jar for modid pehkui with version 3.8.0+1.20.1-forge
[13авг.2026 22:22:17.920] [main/DEBUG] [net.minecraftforge.fml.loading.UniqueModListBuilder/]: Found 2 mods for first modid cloth_config, selecting most recent based on version data
[13авг.2026 22:22:17.920] [main/DEBUG] [net.minecraftforge.fml.loading.UniqueModListBuilder/]: Selected file cloth-config-11.1.136+forge_mapped_parchment_2023.09.03-1.20.1.jar for modid cloth_config with version 11.1.136
[13авг.2026 22:22:17.920] [main/DEBUG] [net.minecraftforge.fml.loading.UniqueModListBuilder/]: Found 2 mods for first modid caelus, selecting most recent based on version data
[13авг.2026 22:22:17.920] [main/DEBUG] [net.minecraftforge.fml.loading.UniqueModListBuilder/]: Selected file caelus-308989-5281700_mapped_parchment_2023.09.03-1.20.1.jar for modid caelus with version 3.2.0+1.20.1
[13авг.2026 22:22:17.920] [main/DEBUG] [net.minecraftforge.fml.loading.UniqueModListBuilder/]: Found 2 mods for first modid puffish_attributes, selecting most recent based on version data
[13авг.2026 22:22:17.920] [main/DEBUG] [net.minecraftforge.fml.loading.UniqueModListBuilder/]: Selected file puffish-attributes-991341-7437975_mapped_parchment_2023.09.03-1.20.1.jar for modid puffish_attributes with version 0.8.1
[13авг.2026 22:22:17.920] [main/DEBUG] [net.minecraftforge.fml.loading.UniqueModListBuilder/]: Found 2 mods for first modid curios, selecting most recent based on version data
[13авг.2026 22:22:17.920] [main/DEBUG] [net.minecraftforge.fml.loading.UniqueModListBuilder/]: Selected file curios-309927-6418456_mapped_parchment_2023.09.03-1.20.1.jar for modid curios with version 5.14.1+1.20.1
[13авг.2026 22:22:17.925] [main/DEBUG] [net.minecraftforge.fml.loading.moddiscovery.AbstractJarFileDependencyLocator/]: Failed to load resource META-INF\jarjar\metadata.json from s4OWxYQQ-9v34JOKI_mapped_parchment_2023.09.03-1.20.1.jar, it does not contain dependency information.
[13авг.2026 22:22:17.926] [main/DEBUG] [net.minecraftforge.fml.loading.moddiscovery.AbstractJarFileDependencyLocator/]: Failed to load resource META-INF\jarjar\metadata.json from forge-1.20.1-47.4.0_mapped_parchment_2023.09.03-1.20.1-recomp.jar, it does not contain dependency information.
[13авг.2026 22:22:17.926] [main/DEBUG] [net.minecraftforge.fml.loading.moddiscovery.AbstractJarFileDependencyLocator/]: Failed to load resource META-INF\jarjar\metadata.json from playeranimator-658587-4587214_mapped_parchment_2023.09.03-1.20.1.jar, it does not contain dependency information.
[13авг.2026 22:22:17.926] [main/DEBUG] [net.minecraftforge.fml.loading.moddiscovery.AbstractJarFileDependencyLocator/]: Failed to load resource META-INF\jarjar\metadata.json from jei-238222-6600311_mapped_parchment_2023.09.03-1.20.1.jar, it does not contain dependency information.
[13авг.2026 22:22:17.926] [main/DEBUG] [net.minecraftforge.fml.loading.moddiscovery.AbstractJarFileDependencyLocator/]: Failed to load resource META-INF\jarjar\metadata.json from 9nfaJPtX-DbpRfa2k_mapped_parchment_2023.09.03-1.20.1.jar, it does not contain dependency information.
[13авг.2026 22:22:17.926] [main/DEBUG] [net.minecraftforge.fml.loading.moddiscovery.AbstractJarFileDependencyLocator/]: Failed to load resource META-INF\jarjar\metadata.json from cloth-config-11.1.136+forge_mapped_parchment_2023.09.03-1.20.1.jar, it does not contain dependency information.
[13авг.2026 22:22:17.926] [main/DEBUG] [net.minecraftforge.fml.loading.moddiscovery.AbstractJarFileDependencyLocator/]: Failed to load resource META-INF\jarjar\metadata.json from caelus-308989-5281700_mapped_parchment_2023.09.03-1.20.1.jar, it does not contain dependency information.
[13авг.2026 22:22:17.927] [main/DEBUG] [net.minecraftforge.fml.loading.moddiscovery.AbstractJarFileDependencyLocator/]: Failed to load resource META-INF\jarjar\metadata.json from , it does not contain dependency information.
[13авг.2026 22:22:17.927] [main/DEBUG] [net.minecraftforge.fml.loading.moddiscovery.AbstractJarFileDependencyLocator/]: Failed to load resource META-INF\jarjar\metadata.json from curios-309927-6418456_mapped_parchment_2023.09.03-1.20.1.jar, it does not contain dependency information.
[13авг.2026 22:22:17.928] [main/DEBUG] [net.minecraftforge.fml.loading.moddiscovery.AbstractJarFileDependencyLocator/]: Failed to load resource META-INF\jarjar\metadata.json from mclanguage-1.20.1-47.4.0.jar, it does not contain dependency information.
[13авг.2026 22:22:17.928] [main/DEBUG] [net.minecraftforge.fml.loading.moddiscovery.AbstractJarFileDependencyLocator/]: Failed to load resource META-INF\jarjar\metadata.json from javafmllanguage-1.20.1-47.4.0.jar, it does not contain dependency information.
[13авг.2026 22:22:17.928] [main/DEBUG] [net.minecraftforge.fml.loading.moddiscovery.AbstractJarFileDependencyLocator/]: Failed to load resource META-INF\jarjar\metadata.json from fmlcore-1.20.1-47.4.0.jar, it does not contain dependency information.
[13авг.2026 22:22:17.928] [main/DEBUG] [net.minecraftforge.fml.loading.moddiscovery.AbstractJarFileDependencyLocator/]: Failed to load resource META-INF\jarjar\metadata.json from lowcodelanguage-1.20.1-47.4.0.jar, it does not contain dependency information.
[13авг.2026 22:22:17.967] [main/DEBUG] [net.minecraftforge.fml.loading.moddiscovery.ModFileParser/LOADING]: Considering mod file candidate 
[13авг.2026 22:22:17.968] [main/DEBUG] [net.minecraftforge.fml.loading.moddiscovery.ModFileInfo/LOADING]: Found valid mod file mixinextras-forge-0.2.0.jar with {mixinextras} mods - versions {0.2.0}
[13авг.2026 22:22:17.969] [main/DEBUG] [net.minecraftforge.fml.loading.moddiscovery.ModFileParser/LOADING]: Considering mod file candidate 
[13авг.2026 22:22:17.970] [main/DEBUG] [net.minecraftforge.fml.loading.moddiscovery.ModFileInfo/LOADING]: Found valid mod file mixinextras-forge-0.4.1.jar with {mixinextras} mods - versions {0.4.1}
[13авг.2026 22:22:17.981] [main/DEBUG] [net.minecraftforge.fml.loading.moddiscovery.ModFileParser/LOADING]: Considering mod file candidate 
[13авг.2026 22:22:17.982] [main/DEBUG] [net.minecraftforge.fml.loading.moddiscovery.ModFileInfo/LOADING]: Found valid mod file mixinextras-forge-0.3.5.jar with {mixinextras} mods - versions {0.3.5}
[13авг.2026 22:22:17.990] [main/DEBUG] [net.minecraftforge.fml.loading.moddiscovery.AbstractJarFileDependencyLocator/]: Failed to load resource META-INF\jarjar\metadata.json from mclib-20.jar, it does not contain dependency information.
[13авг.2026 22:22:17.990] [main/DEBUG] [net.minecraftforge.fml.loading.moddiscovery.AbstractJarFileDependencyLocator/]: Failed to load resource META-INF\jarjar\metadata.json from mclib-20.jar, it does not contain dependency information.
[13авг.2026 22:22:17.994] [main/DEBUG] [net.minecraftforge.fml.loading.moddiscovery.AbstractJarFileDependencyLocator/]: Failed to load resource META-INF\jarjar\metadata.json from MixinExtras-0.2.0.jar, it does not contain dependency information.
[13авг.2026 22:22:17.994] [main/DEBUG] [net.minecraftforge.fml.loading.moddiscovery.AbstractJarFileDependencyLocator/]: Failed to load resource META-INF\jarjar\metadata.json from MixinExtras-0.4.1.jar, it does not contain dependency information.
[13авг.2026 22:22:17.994] [main/DEBUG] [net.minecraftforge.fml.loading.moddiscovery.AbstractJarFileDependencyLocator/]: Failed to load resource META-INF\jarjar\metadata.json from MixinExtras-0.3.5.jar, it does not contain dependency information.
[13авг.2026 22:22:18.015] [main/DEBUG] [net.minecraftforge.fml.loading.moddiscovery.ModFileParser/LOADING]: Considering mod file candidate 
[13авг.2026 22:22:18.015] [main/DEBUG] [net.minecraftforge.fml.loading.moddiscovery.ModFileInfo/LOADING]: Found valid mod file mixinextras-forge-0.4.1.jar with {mixinextras} mods - versions {0.4.1}
[13авг.2026 22:22:18.022] [main/INFO] [net.minecraftforge.fml.loading.moddiscovery.JarInJarDependencyLocator/]: Found 3 dependencies adding them to mods collection
[13авг.2026 22:22:18.025] [main/DEBUG] [net.minecraftforge.fml.loading.moddiscovery.ModFileInfo/LOADING]: Found valid mod file forge-1.20.1-47.4.0_mapped_parchment_2023.09.03-1.20.1-recomp.jar with {minecraft} mods - versions {1.20.1}
[13авг.2026 22:22:18.027] [main/DEBUG] [net.minecraftforge.fml.loading.moddiscovery.ModFile/LOADING]: Loading mod file C:\Users\Валера\.gradle\caches\forge_gradle\minecraft_user_repo\net\minecraftforge\forge\1.20.1-47.4.0_mapped_parchment_2023.09.03-1.20.1\forge-1.20.1-47.4.0_mapped_parchment_2023.09.03-1.20.1-recomp.jar with languages [LanguageSpec[languageName=minecraft, acceptedVersions=1]]
[13авг.2026 22:22:18.028] [main/DEBUG] [net.minecraftforge.fml.loading.moddiscovery.ModFileParser/LOADING]: Considering mod file candidate C:\Users\Валера\.gradle\caches\forge_gradle\deobf_dependencies\maven\modrinth\s4OWxYQQ\9v34JOKI_mapped_parchment_2023.09.03-1.20.1\s4OWxYQQ-9v34JOKI_mapped_parchment_2023.09.03-1.20.1.jar
[13авг.2026 22:22:18.029] [main/DEBUG] [net.minecraftforge.fml.loading.moddiscovery.ModFileInfo/LOADING]: Found valid mod file s4OWxYQQ-9v34JOKI_mapped_parchment_2023.09.03-1.20.1.jar with {irons_spellbooks} mods - versions {1.20.1-3.16.2}
[13авг.2026 22:22:18.029] [main/DEBUG] [net.minecraftforge.fml.loading.moddiscovery.ModFile/LOADING]: Loading mod file C:\Users\Валера\.gradle\caches\forge_gradle\deobf_dependencies\maven\modrinth\s4OWxYQQ\9v34JOKI_mapped_parchment_2023.09.03-1.20.1\s4OWxYQQ-9v34JOKI_mapped_parchment_2023.09.03-1.20.1.jar with languages [LanguageSpec[languageName=javafml, acceptedVersions=[47,)]]
[13авг.2026 22:22:18.029] [main/DEBUG] [net.minecraftforge.fml.loading.moddiscovery.ModFileParser/LOADING]: Considering mod file candidate C:\Users\Валера\.gradle\caches\forge_gradle\deobf_dependencies\maven\modrinth\better-combat\1.8.6+1.20.1-forge_mapped_parchment_2023.09.03-1.20.1\better-combat-1.8.6+1.20.1-forge_mapped_parchment_2023.09.03-1.20.1.jar
[13авг.2026 22:22:18.030] [main/DEBUG] [net.minecraftforge.fml.loading.moddiscovery.ModFileInfo/LOADING]: Found valid mod file better-combat-1.8.6+1.20.1-forge_mapped_parchment_2023.09.03-1.20.1.jar with {bettercombat} mods - versions {1.8.6+1.20.1}
[13авг.2026 22:22:18.030] [main/DEBUG] [net.minecraftforge.fml.loading.moddiscovery.ModFile/LOADING]: Loading mod file C:\Users\Валера\.gradle\caches\forge_gradle\deobf_dependencies\maven\modrinth\better-combat\1.8.6+1.20.1-forge_mapped_parchment_2023.09.03-1.20.1\better-combat-1.8.6+1.20.1-forge_mapped_parchment_2023.09.03-1.20.1.jar with languages [LanguageSpec[languageName=javafml, acceptedVersions=[39,)]]
[13авг.2026 22:22:18.030] [main/DEBUG] [net.minecraftforge.fml.loading.moddiscovery.ModFileParser/LOADING]: Considering mod file candidate C:\Users\Валера\.gradle\caches\forge_gradle\deobf_dependencies\curse\maven\geckolib-388172\6658942_mapped_parchment_2023.09.03-1.20.1\geckolib-388172-6658942_mapped_parchment_2023.09.03-1.20.1.jar
[13авг.2026 22:22:18.030] [main/DEBUG] [net.minecraftforge.fml.loading.moddiscovery.ModFileInfo/LOADING]: Found valid mod file geckolib-388172-6658942_mapped_parchment_2023.09.03-1.20.1.jar with {geckolib} mods - versions {4.7.2}
[13авг.2026 22:22:18.030] [main/DEBUG] [net.minecraftforge.fml.loading.moddiscovery.ModFile/LOADING]: Loading mod file C:\Users\Валера\.gradle\caches\forge_gradle\deobf_dependencies\curse\maven\geckolib-388172\6658942_mapped_parchment_2023.09.03-1.20.1\geckolib-388172-6658942_mapped_parchment_2023.09.03-1.20.1.jar with languages [LanguageSpec[languageName=javafml, acceptedVersions=[47,)]]
[13авг.2026 22:22:18.031] [main/DEBUG] [net.minecraftforge.fml.loading.moddiscovery.ModFileParser/LOADING]: Considering mod file candidate C:\Users\Валера\.gradle\caches\forge_gradle\deobf_dependencies\curse\maven\playeranimator-658587\4587214_mapped_parchment_2023.09.03-1.20.1\playeranimator-658587-4587214_mapped_parchment_2023.09.03-1.20.1.jar
[13авг.2026 22:22:18.031] [main/DEBUG] [net.minecraftforge.fml.loading.moddiscovery.ModFileInfo/LOADING]: Found valid mod file playeranimator-658587-4587214_mapped_parchment_2023.09.03-1.20.1.jar with {playeranimator} mods - versions {1.0.2-rc1+1.20}
[13авг.2026 22:22:18.031] [main/DEBUG] [net.minecraftforge.fml.loading.moddiscovery.ModFile/LOADING]: Loading mod file C:\Users\Валера\.gradle\caches\forge_gradle\deobf_dependencies\curse\maven\playeranimator-658587\4587214_mapped_parchment_2023.09.03-1.20.1\playeranimator-658587-4587214_mapped_parchment_2023.09.03-1.20.1.jar with languages [LanguageSpec[languageName=javafml, acceptedVersions=[46.0.0,)]]
[13авг.2026 22:22:18.031] [main/DEBUG] [net.minecraftforge.fml.loading.moddiscovery.ModFileParser/LOADING]: Considering mod file candidate C:\Users\Валера\.gradle\caches\forge_gradle\deobf_dependencies\curse\maven\jei-238222\6600311_mapped_parchment_2023.09.03-1.20.1\jei-238222-6600311_mapped_parchment_2023.09.03-1.20.1.jar
[13авг.2026 22:22:18.032] [main/DEBUG] [net.minecraftforge.fml.loading.moddiscovery.ModFileInfo/LOADING]: Found valid mod file jei-238222-6600311_mapped_parchment_2023.09.03-1.20.1.jar with {jei} mods - versions {15.20.0.112}
[13авг.2026 22:22:18.032] [main/DEBUG] [net.minecraftforge.fml.loading.moddiscovery.ModFile/LOADING]: Loading mod file C:\Users\Валера\.gradle\caches\forge_gradle\deobf_dependencies\curse\maven\jei-238222\6600311_mapped_parchment_2023.09.03-1.20.1\jei-238222-6600311_mapped_parchment_2023.09.03-1.20.1.jar with languages [LanguageSpec[languageName=javafml, acceptedVersions=[47,)]]
[13авг.2026 22:22:18.032] [main/DEBUG] [net.minecraftforge.fml.loading.moddiscovery.ModFileParser/LOADING]: Considering mod file candidate C:\Users\Валера\.gradle\caches\forge_gradle\deobf_dependencies\maven\modrinth\9nfaJPtX\DbpRfa2k_mapped_parchment_2023.09.03-1.20.1\9nfaJPtX-DbpRfa2k_mapped_parchment_2023.09.03-1.20.1.jar
[13авг.2026 22:22:18.032] [main/DEBUG] [net.minecraftforge.fml.loading.moddiscovery.ModFileInfo/LOADING]: Found valid mod file 9nfaJPtX-DbpRfa2k_mapped_parchment_2023.09.03-1.20.1.jar with {irons_lib} mods - versions {1.20.1-2.1.0}
[13авг.2026 22:22:18.032] [main/DEBUG] [net.minecraftforge.fml.loading.moddiscovery.ModFile/LOADING]: Loading mod file C:\Users\Валера\.gradle\caches\forge_gradle\deobf_dependencies\maven\modrinth\9nfaJPtX\DbpRfa2k_mapped_parchment_2023.09.03-1.20.1\9nfaJPtX-DbpRfa2k_mapped_parchment_2023.09.03-1.20.1.jar with languages [LanguageSpec[languageName=javafml, acceptedVersions=[47,)]]
[13авг.2026 22:22:18.033] [main/DEBUG] [net.minecraftforge.fml.loading.moddiscovery.ModFileParser/LOADING]: Considering mod file candidate C:\Users\Валера\.gradle\caches\forge_gradle\deobf_dependencies\curse\maven\pehkui-319596\5208247_mapped_parchment_2023.09.03-1.20.1\pehkui-319596-5208247_mapped_parchment_2023.09.03-1.20.1.jar
[13авг.2026 22:22:18.033] [main/DEBUG] [net.minecraftforge.fml.loading.moddiscovery.ModFileInfo/LOADING]: Found valid mod file pehkui-319596-5208247_mapped_parchment_2023.09.03-1.20.1.jar with {pehkui} mods - versions {3.8.0+1.20.1-forge}
[13авг.2026 22:22:18.033] [main/DEBUG] [net.minecraftforge.fml.loading.moddiscovery.ModFile/LOADING]: Loading mod file C:\Users\Валера\.gradle\caches\forge_gradle\deobf_dependencies\curse\maven\pehkui-319596\5208247_mapped_parchment_2023.09.03-1.20.1\pehkui-319596-5208247_mapped_parchment_2023.09.03-1.20.1.jar with languages [LanguageSpec[languageName=javafml, acceptedVersions=[28,)]]
[13авг.2026 22:22:18.033] [main/DEBUG] [net.minecraftforge.fml.loading.moddiscovery.ModFileParser/LOADING]: Considering mod file candidate C:\Users\Валера\.gradle\caches\forge_gradle\deobf_dependencies\curse\maven\caelus-308989\5281700_mapped_parchment_2023.09.03-1.20.1\caelus-308989-5281700_mapped_parchment_2023.09.03-1.20.1.jar
[13авг.2026 22:22:18.034] [main/DEBUG] [net.minecraftforge.fml.loading.moddiscovery.ModFileInfo/LOADING]: Found valid mod file caelus-308989-5281700_mapped_parchment_2023.09.03-1.20.1.jar with {caelus} mods - versions {3.2.0+1.20.1}
[13авг.2026 22:22:18.034] [main/DEBUG] [net.minecraftforge.fml.loading.moddiscovery.ModFile/LOADING]: Loading mod file C:\Users\Валера\.gradle\caches\forge_gradle\deobf_dependencies\curse\maven\caelus-308989\5281700_mapped_parchment_2023.09.03-1.20.1\caelus-308989-5281700_mapped_parchment_2023.09.03-1.20.1.jar with languages [LanguageSpec[languageName=javafml, acceptedVersions=[46,)]]
[13авг.2026 22:22:18.034] [main/DEBUG] [net.minecraftforge.fml.loading.moddiscovery.ModFileParser/LOADING]: Considering mod file candidate C:\Users\Валера\.gradle\caches\forge_gradle\deobf_dependencies\maven\modrinth\cloth-config\11.1.136+forge_mapped_parchment_2023.09.03-1.20.1\cloth-config-11.1.136+forge_mapped_parchment_2023.09.03-1.20.1.jar
[13авг.2026 22:22:18.035] [main/DEBUG] [net.minecraftforge.fml.loading.moddiscovery.ModFileInfo/LOADING]: Found valid mod file cloth-config-11.1.136+forge_mapped_parchment_2023.09.03-1.20.1.jar with {cloth_config} mods - versions {11.1.136}
[13авг.2026 22:22:18.035] [main/DEBUG] [net.minecraftforge.fml.loading.moddiscovery.ModFile/LOADING]: Loading mod file C:\Users\Валера\.gradle\caches\forge_gradle\deobf_dependencies\maven\modrinth\cloth-config\11.1.136+forge_mapped_parchment_2023.09.03-1.20.1\cloth-config-11.1.136+forge_mapped_parchment_2023.09.03-1.20.1.jar with languages [LanguageSpec[languageName=javafml, acceptedVersions=[34,)]]
[13авг.2026 22:22:18.035] [main/DEBUG] [net.minecraftforge.fml.loading.moddiscovery.ModFileParser/LOADING]: Considering mod file candidate /
[13авг.2026 22:22:18.036] [main/DEBUG] [net.minecraftforge.fml.loading.moddiscovery.ModFileInfo/LOADING]: Found valid mod file  with {forge} mods - versions {47.4.0}
[13авг.2026 22:22:18.036] [main/DEBUG] [net.minecraftforge.fml.loading.moddiscovery.ModFile/LOADING]: Loading mod file / with languages [LanguageSpec[languageName=javafml, acceptedVersions=[24,]]]
[13авг.2026 22:22:18.038] [main/DEBUG] [net.minecraftforge.fml.loading.moddiscovery.ModFileParser/LOADING]: Found coremod field_to_method with Javascript path coremods/field_to_method.js
[13авг.2026 22:22:18.038] [main/DEBUG] [net.minecraftforge.fml.loading.moddiscovery.ModFileParser/LOADING]: Found coremod field_to_instanceof with Javascript path coremods/field_to_instanceof.js
[13авг.2026 22:22:18.038] [main/DEBUG] [net.minecraftforge.fml.loading.moddiscovery.ModFileParser/LOADING]: Found coremod add_bouncer_method with Javascript path coremods/add_bouncer_method.js
[13авг.2026 22:22:18.038] [main/DEBUG] [net.minecraftforge.fml.loading.moddiscovery.ModFileParser/LOADING]: Found coremod method_redirector with Javascript path coremods/method_redirector.js
[13авг.2026 22:22:18.038] [main/DEBUG] [net.minecraftforge.fml.loading.moddiscovery.ModFile/LOADING]: Found coremod coremods/field_to_method.js
[13авг.2026 22:22:18.038] [main/DEBUG] [net.minecraftforge.fml.loading.moddiscovery.ModFile/LOADING]: Found coremod coremods/field_to_instanceof.js
[13авг.2026 22:22:18.039] [main/DEBUG] [net.minecraftforge.fml.loading.moddiscovery.ModFile/LOADING]: Found coremod coremods/add_bouncer_method.js
[13авг.2026 22:22:18.039] [main/DEBUG] [net.minecraftforge.fml.loading.moddiscovery.ModFile/LOADING]: Found coremod coremods/method_redirector.js
[13авг.2026 22:22:18.039] [main/DEBUG] [net.minecraftforge.fml.loading.moddiscovery.ModFileParser/LOADING]: Considering mod file candidate C:\Users\Валера\.gradle\caches\forge_gradle\deobf_dependencies\curse\maven\puffish-attributes-991341\7437975_mapped_parchment_2023.09.03-1.20.1\puffish-attributes-991341-7437975_mapped_parchment_2023.09.03-1.20.1.jar
[13авг.2026 22:22:18.039] [main/DEBUG] [net.minecraftforge.fml.loading.moddiscovery.ModFileInfo/LOADING]: Found valid mod file puffish-attributes-991341-7437975_mapped_parchment_2023.09.03-1.20.1.jar with {puffish_attributes} mods - versions {0.8.1}
[13авг.2026 22:22:18.039] [main/DEBUG] [net.minecraftforge.fml.loading.moddiscovery.ModFile/LOADING]: Loading mod file C:\Users\Валера\.gradle\caches\forge_gradle\deobf_dependencies\curse\maven\puffish-attributes-991341\7437975_mapped_parchment_2023.09.03-1.20.1\puffish-attributes-991341-7437975_mapped_parchment_2023.09.03-1.20.1.jar with languages [LanguageSpec[languageName=javafml, acceptedVersions=[46,)]]
[13авг.2026 22:22:18.039] [main/DEBUG] [net.minecraftforge.fml.loading.moddiscovery.ModFileParser/LOADING]: Considering mod file candidate C:\Users\Валера\.gradle\caches\forge_gradle\deobf_dependencies\curse\maven\curios-309927\6418456_mapped_parchment_2023.09.03-1.20.1\curios-309927-6418456_mapped_parchment_2023.09.03-1.20.1.jar
[13авг.2026 22:22:18.040] [main/DEBUG] [net.minecraftforge.fml.loading.moddiscovery.ModFileInfo/LOADING]: Found valid mod file curios-309927-6418456_mapped_parchment_2023.09.03-1.20.1.jar with {curios} mods - versions {5.14.1+1.20.1}
[13авг.2026 22:22:18.040] [main/DEBUG] [net.minecraftforge.fml.loading.moddiscovery.ModFile/LOADING]: Loading mod file C:\Users\Валера\.gradle\caches\forge_gradle\deobf_dependencies\curse\maven\curios-309927\6418456_mapped_parchment_2023.09.03-1.20.1\curios-309927-6418456_mapped_parchment_2023.09.03-1.20.1.jar with languages [LanguageSpec[languageName=javafml, acceptedVersions=[41,)]]
[13авг.2026 22:22:18.040] [main/DEBUG] [net.minecraftforge.fml.loading.moddiscovery.ModFileParser/LOADING]: Considering mod file candidate C:\Modding\DnM\build\resources\main
[13авг.2026 22:22:18.042] [main/DEBUG] [net.minecraftforge.fml.loading.moddiscovery.ModFileInfo/LOADING]: Found valid mod file main with {dnmmod} mods - versions {1.0.0-1.20.1}
[13авг.2026 22:22:18.042] [main/DEBUG] [net.minecraftforge.fml.loading.moddiscovery.ModFile/LOADING]: Loading mod file C:\Modding\DnM\build\resources\main with languages [LanguageSpec[languageName=javafml, acceptedVersions=[47,)]]
[13авг.2026 22:22:18.042] [main/DEBUG] [net.minecraftforge.fml.loading.moddiscovery.ModFile/LOADING]: Loading mod file  with languages []
[13авг.2026 22:22:18.042] [main/DEBUG] [net.minecraftforge.fml.loading.moddiscovery.ModFileParser/LOADING]: Considering mod file candidate 
[13авг.2026 22:22:18.043] [main/DEBUG] [net.minecraftforge.fml.loading.moddiscovery.ModFileInfo/LOADING]: Found valid mod file mixinextras-forge-0.4.1.jar with {mixinextras} mods - versions {0.4.1}
[13авг.2026 22:22:18.043] [main/DEBUG] [net.minecraftforge.fml.loading.moddiscovery.ModFile/LOADING]: Loading mod file  with languages [LanguageSpec[languageName=javafml, acceptedVersions=*]]
[13авг.2026 22:22:18.043] [main/DEBUG] [net.minecraftforge.fml.loading.moddiscovery.ModFile/LOADING]: Loading mod file  with languages []
[13авг.2026 22:22:18.043] [main/DEBUG] [net.minecraftforge.fml.loading.moddiscovery.ModFile/LOADING]: Loading mod file  with languages []
[13авг.2026 22:22:18.043] [main/DEBUG] [net.minecraftforge.fml.loading.moddiscovery.ModFileParser/LOADING]: Considering mod file candidate 
[13авг.2026 22:22:18.044] [main/DEBUG] [net.minecraftforge.fml.loading.moddiscovery.ModFileInfo/LOADING]: Found valid mod file mixinextras-forge-0.4.1.jar with {mixinextras} mods - versions {0.4.1}
[13авг.2026 22:22:18.044] [main/DEBUG] [net.minecraftforge.fml.loading.moddiscovery.ModFile/LOADING]: Loading mod file  with languages [LanguageSpec[languageName=javafml, acceptedVersions=*]]
[13авг.2026 22:22:18.044] [main/DEBUG] [net.minecraftforge.fml.loading.moddiscovery.ModFile/LOADING]: Loading mod file  with languages []
[13авг.2026 22:22:18.045] [main/DEBUG] [cpw.mods.modlauncher.TransformationServiceDecorator/MODLAUNCHER]: End scan trigger - transformation service fml
[13авг.2026 22:22:18.053] [main/DEBUG] [net.minecraftforge.fml.loading.LanguageLoadingProvider/CORE]: Found 3 language providers
[13авг.2026 22:22:18.053] [main/DEBUG] [net.minecraftforge.fml.loading.LanguageLoadingProvider/CORE]: Found language provider minecraft, version 1.0
[13авг.2026 22:22:18.054] [main/DEBUG] [net.minecraftforge.fml.loading.LanguageLoadingProvider/CORE]: Found language provider lowcodefml, version 47
[13авг.2026 22:22:18.054] [main/DEBUG] [net.minecraftforge.fml.loading.LanguageLoadingProvider/CORE]: Found language provider javafml, version 47
[13авг.2026 22:22:18.057] [main/DEBUG] [net.minecraftforge.fml.loading.UniqueModListBuilder/]: Found 2 mods for first modid mclib, selecting most recent based on version data
[13авг.2026 22:22:18.057] [main/DEBUG] [net.minecraftforge.fml.loading.UniqueModListBuilder/]: Selected file mclib-20.jar for modid mclib with version 0.0NONE
[13авг.2026 22:22:18.057] [main/DEBUG] [net.minecraftforge.fml.loading.UniqueModListBuilder/]: Found 2 mods for first modid mixinextras, selecting most recent based on version data
[13авг.2026 22:22:18.057] [main/DEBUG] [net.minecraftforge.fml.loading.UniqueModListBuilder/]: Selected file mixinextras-forge-0.4.1.jar for modid mixinextras with version 0.4.1
[13авг.2026 22:22:18.057] [main/DEBUG] [net.minecraftforge.fml.loading.UniqueModListBuilder/]: Found 2 mods for first modid MixinExtras, selecting most recent based on version data
[13авг.2026 22:22:18.058] [main/DEBUG] [net.minecraftforge.fml.loading.UniqueModListBuilder/]: Selected file MixinExtras-0.4.1.jar for modid MixinExtras with version 0.0NONE
[13авг.2026 22:22:18.059] [main/DEBUG] [net.minecraftforge.fml.loading.ModSorter/]: Configured system mods: [minecraft, forge]
[13авг.2026 22:22:18.059] [main/DEBUG] [net.minecraftforge.fml.loading.ModSorter/]: Found system mod: minecraft
[13авг.2026 22:22:18.059] [main/DEBUG] [net.minecraftforge.fml.loading.ModSorter/]: Found system mod: forge
[13авг.2026 22:22:18.061] [main/DEBUG] [net.minecraftforge.fml.loading.ModSorter/LOADING]: Found 32 mod requirements (32 mandatory, 0 optional)
[13авг.2026 22:22:18.062] [main/DEBUG] [net.minecraftforge.fml.loading.ModSorter/LOADING]: Found 0 mod requirements missing (0 mandatory, 0 optional)
[13авг.2026 22:22:18.426] [main/DEBUG] [net.minecraftforge.fml.loading.MCPNamingService/CORE]: Loaded 34318 method mappings from methods.csv
[13авг.2026 22:22:18.454] [main/DEBUG] [net.minecraftforge.fml.loading.MCPNamingService/CORE]: Loaded 31014 field mappings from fields.csv
[13авг.2026 22:22:18.506] [main/DEBUG] [cpw.mods.modlauncher.TransformationServicesHandler/MODLAUNCHER]: Transformation services loading transformers
[13авг.2026 22:22:18.506] [main/DEBUG] [cpw.mods.modlauncher.TransformationServiceDecorator/MODLAUNCHER]: Initializing transformers for transformation service mixin
[13авг.2026 22:22:18.507] [main/DEBUG] [cpw.mods.modlauncher.TransformationServiceDecorator/MODLAUNCHER]: Initialized transformers for transformation service mixin
[13авг.2026 22:22:18.507] [main/DEBUG] [cpw.mods.modlauncher.TransformationServiceDecorator/MODLAUNCHER]: Initializing transformers for transformation service fml
[13авг.2026 22:22:18.507] [main/DEBUG] [net.minecraftforge.fml.loading.FMLServiceProvider/CORE]: Loading coremod transformers
[13авг.2026 22:22:18.507] [main/DEBUG] [net.minecraftforge.coremod.CoreModEngine/COREMOD]: Loading CoreMod from coremods/field_to_method.js
[13авг.2026 22:22:18.647] [main/DEBUG] [net.minecraftforge.coremod.CoreModEngine/COREMOD]: CoreMod loaded successfully
[13авг.2026 22:22:18.648] [main/DEBUG] [net.minecraftforge.coremod.CoreModEngine/COREMOD]: Loading CoreMod from coremods/field_to_instanceof.js
[13авг.2026 22:22:18.699] [main/DEBUG] [net.minecraftforge.coremod.CoreModEngine/COREMOD]: CoreMod loaded successfully
[13авг.2026 22:22:18.699] [main/DEBUG] [net.minecraftforge.coremod.CoreModEngine/COREMOD]: Loading CoreMod from coremods/add_bouncer_method.js
[13авг.2026 22:22:18.721] [main/DEBUG] [net.minecraftforge.coremod.CoreModEngine/COREMOD]: CoreMod loaded successfully
[13авг.2026 22:22:18.721] [main/DEBUG] [net.minecraftforge.coremod.CoreModEngine/COREMOD]: Loading CoreMod from coremods/method_redirector.js
[13авг.2026 22:22:18.763] [main/DEBUG] [net.minecraftforge.coremod.CoreModEngine/COREMOD]: CoreMod loaded successfully
[13авг.2026 22:22:18.774] [main/DEBUG] [cpw.mods.modlauncher.TransformStore/MODLAUNCHER]: Adding transformer net.minecraftforge.coremod.transformer.CoreModClassTransformer@188598ad to Target : CLASS {Lnet/minecraft/world/level/biome/Biome;} {} {V}
[13авг.2026 22:22:18.775] [main/DEBUG] [cpw.mods.modlauncher.TransformStore/MODLAUNCHER]: Adding transformer net.minecraftforge.coremod.transformer.CoreModClassTransformer@76e9f00b to Target : CLASS {Lnet/minecraft/world/level/levelgen/structure/Structure;} {} {V}
[13авг.2026 22:22:18.775] [main/DEBUG] [cpw.mods.modlauncher.TransformStore/MODLAUNCHER]: Adding transformer net.minecraftforge.coremod.transformer.CoreModClassTransformer@314b9e4b to Target : CLASS {Lnet/minecraft/world/effect/MobEffectInstance;} {} {V}
[13авг.2026 22:22:18.775] [main/DEBUG] [cpw.mods.modlauncher.TransformStore/MODLAUNCHER]: Adding transformer net.minecraftforge.coremod.transformer.CoreModClassTransformer@6f1b8544 to Target : CLASS {Lnet/minecraft/world/level/block/LiquidBlock;} {} {V}
[13авг.2026 22:22:18.775] [main/DEBUG] [cpw.mods.modlauncher.TransformStore/MODLAUNCHER]: Adding transformer net.minecraftforge.coremod.transformer.CoreModClassTransformer@51dae791 to Target : CLASS {Lnet/minecraft/world/item/BucketItem;} {} {V}
[13авг.2026 22:22:18.775] [main/DEBUG] [cpw.mods.modlauncher.TransformStore/MODLAUNCHER]: Adding transformer net.minecraftforge.coremod.transformer.CoreModClassTransformer@688a2c09 to Target : CLASS {Lnet/minecraft/world/level/block/StairBlock;} {} {V}
[13авг.2026 22:22:18.775] [main/DEBUG] [cpw.mods.modlauncher.TransformStore/MODLAUNCHER]: Adding transformer net.minecraftforge.coremod.transformer.CoreModClassTransformer@5de5e95 to Target : CLASS {Lnet/minecraft/world/level/block/FlowerPotBlock;} {} {V}
[13авг.2026 22:22:18.775] [main/DEBUG] [cpw.mods.modlauncher.TransformStore/MODLAUNCHER]: Adding transformer net.minecraftforge.coremod.transformer.CoreModClassTransformer@365cdacf to Target : CLASS {Lnet/minecraft/world/item/ItemStack;} {} {V}
[13авг.2026 22:22:18.776] [main/DEBUG] [cpw.mods.modlauncher.TransformStore/MODLAUNCHER]: Adding transformer net.minecraftforge.coremod.transformer.CoreModClassTransformer@303c55fa to Target : CLASS {Lnet/minecraft/network/play/client/CClientSettingsPacket;} {} {V}
[13авг.2026 22:22:18.776] [main/DEBUG] [cpw.mods.modlauncher.TransformStore/MODLAUNCHER]: Adding transformer net.minecraftforge.coremod.transformer.CoreModClassTransformer@9efcd90 to Target : CLASS {Lnet/minecraft/world/level/NaturalSpawner;} {} {V}
[13авг.2026 22:22:18.776] [main/DEBUG] [cpw.mods.modlauncher.TransformStore/MODLAUNCHER]: Adding transformer net.minecraftforge.coremod.transformer.CoreModClassTransformer@9efcd90 to Target : CLASS {Lnet/minecraft/server/commands/RaidCommand;} {} {V}
[13авг.2026 22:22:18.776] [main/DEBUG] [cpw.mods.modlauncher.TransformStore/MODLAUNCHER]: Adding transformer net.minecraftforge.coremod.transformer.CoreModClassTransformer@9efcd90 to Target : CLASS {Lnet/minecraft/world/entity/animal/horse/SkeletonTrapGoal;} {} {V}
[13авг.2026 22:22:18.776] [main/DEBUG] [cpw.mods.modlauncher.TransformStore/MODLAUNCHER]: Adding transformer net.minecraftforge.coremod.transformer.CoreModClassTransformer@9efcd90 to Target : CLASS {Lnet/minecraft/world/level/levelgen/structure/structures/OceanMonumentPieces$OceanMonumentPiece;} {} {V}
[13авг.2026 22:22:18.776] [main/DEBUG] [cpw.mods.modlauncher.TransformStore/MODLAUNCHER]: Adding transformer net.minecraftforge.coremod.transformer.CoreModClassTransformer@9efcd90 to Target : CLASS {Lnet/minecraft/world/level/levelgen/structure/structures/OceanRuinPieces$OceanRuinPiece;} {} {V}
[13авг.2026 22:22:18.776] [main/DEBUG] [cpw.mods.modlauncher.TransformStore/MODLAUNCHER]: Adding transformer net.minecraftforge.coremod.transformer.CoreModClassTransformer@9efcd90 to Target : CLASS {Lnet/minecraft/world/level/levelgen/structure/structures/SwampHutPiece;} {} {V}
[13авг.2026 22:22:18.776] [main/DEBUG] [cpw.mods.modlauncher.TransformStore/MODLAUNCHER]: Adding transformer net.minecraftforge.coremod.transformer.CoreModClassTransformer@9efcd90 to Target : CLASS {Lnet/minecraft/world/level/levelgen/structure/templatesystem/StructureTemplate;} {} {V}
[13авг.2026 22:22:18.776] [main/DEBUG] [cpw.mods.modlauncher.TransformStore/MODLAUNCHER]: Adding transformer net.minecraftforge.coremod.transformer.CoreModClassTransformer@9efcd90 to Target : CLASS {Lnet/minecraft/world/entity/animal/frog/Tadpole;} {} {V}
[13авг.2026 22:22:18.776] [main/DEBUG] [cpw.mods.modlauncher.TransformStore/MODLAUNCHER]: Adding transformer net.minecraftforge.coremod.transformer.CoreModClassTransformer@9efcd90 to Target : CLASS {Lnet/minecraft/world/level/levelgen/PhantomSpawner;} {} {V}
[13авг.2026 22:22:18.776] [main/DEBUG] [cpw.mods.modlauncher.TransformStore/MODLAUNCHER]: Adding transformer net.minecraftforge.coremod.transformer.CoreModClassTransformer@9efcd90 to Target : CLASS {Lnet/minecraft/world/entity/ai/village/VillageSiege;} {} {V}
[13авг.2026 22:22:18.777] [main/DEBUG] [cpw.mods.modlauncher.TransformStore/MODLAUNCHER]: Adding transformer net.minecraftforge.coremod.transformer.CoreModClassTransformer@9efcd90 to Target : CLASS {Lnet/minecraft/world/entity/monster/Spider;} {} {V}
[13авг.2026 22:22:18.777] [main/DEBUG] [cpw.mods.modlauncher.TransformStore/MODLAUNCHER]: Adding transformer net.minecraftforge.coremod.transformer.CoreModClassTransformer@9efcd90 to Target : CLASS {Lnet/minecraft/world/entity/npc/Villager;} {} {V}
[13авг.2026 22:22:18.777] [main/DEBUG] [cpw.mods.modlauncher.TransformStore/MODLAUNCHER]: Adding transformer net.minecraftforge.coremod.transformer.CoreModClassTransformer@9efcd90 to Target : CLASS {Lnet/minecraft/world/entity/npc/CatSpawner;} {} {V}
[13авг.2026 22:22:18.777] [main/DEBUG] [cpw.mods.modlauncher.TransformStore/MODLAUNCHER]: Adding transformer net.minecraftforge.coremod.transformer.CoreModClassTransformer@9efcd90 to Target : CLASS {Lnet/minecraft/world/level/levelgen/structure/structures/WoodlandMansionPieces$WoodlandMansionPiece;} {} {V}
[13авг.2026 22:22:18.777] [main/DEBUG] [cpw.mods.modlauncher.TransformStore/MODLAUNCHER]: Adding transformer net.minecraftforge.coremod.transformer.CoreModClassTransformer@9efcd90 to Target : CLASS {Lnet/minecraft/world/entity/monster/ZombieVillager;} {} {V}
[13авг.2026 22:22:18.777] [main/DEBUG] [cpw.mods.modlauncher.TransformStore/MODLAUNCHER]: Adding transformer net.minecraftforge.coremod.transformer.CoreModClassTransformer@9efcd90 to Target : CLASS {Lnet/minecraft/world/entity/monster/Zombie;} {} {V}
[13авг.2026 22:22:18.777] [main/DEBUG] [cpw.mods.modlauncher.TransformStore/MODLAUNCHER]: Adding transformer net.minecraftforge.coremod.transformer.CoreModClassTransformer@9efcd90 to Target : CLASS {Lnet/minecraft/world/entity/raid/Raid;} {} {V}
[13авг.2026 22:22:18.777] [main/DEBUG] [cpw.mods.modlauncher.TransformStore/MODLAUNCHER]: Adding transformer net.minecraftforge.coremod.transformer.CoreModClassTransformer@9efcd90 to Target : CLASS {Lnet/minecraft/world/level/levelgen/PatrolSpawner;} {} {V}
[13авг.2026 22:22:18.777] [main/DEBUG] [cpw.mods.modlauncher.TransformStore/MODLAUNCHER]: Adding transformer net.minecraftforge.coremod.transformer.CoreModClassTransformer@9efcd90 to Target : CLASS {Lnet/minecraft/world/entity/monster/Evoker$EvokerSummonSpellGoal;} {} {V}
[13авг.2026 22:22:18.777] [main/DEBUG] [cpw.mods.modlauncher.TransformStore/MODLAUNCHER]: Adding transformer net.minecraftforge.coremod.transformer.CoreModClassTransformer@9efcd90 to Target : CLASS {Lnet/minecraft/server/commands/SummonCommand;} {} {V}
[13авг.2026 22:22:18.777] [main/DEBUG] [cpw.mods.modlauncher.TransformStore/MODLAUNCHER]: Adding transformer net.minecraftforge.coremod.transformer.CoreModClassTransformer@9efcd90 to Target : CLASS {Lnet/minecraft/world/entity/monster/Strider;} {} {V}
[13авг.2026 22:22:18.777] [main/DEBUG] [cpw.mods.modlauncher.TransformStore/MODLAUNCHER]: Adding transformer net.minecraftforge.coremod.transformer.CoreModClassTransformer@9efcd90 to Target : CLASS {Lnet/minecraft/world/entity/EntityType;} {} {V}
[13авг.2026 22:22:18.778] [main/DEBUG] [cpw.mods.modlauncher.TransformationServiceDecorator/MODLAUNCHER]: Initialized transformers for transformation service fml
[13авг.2026 22:22:19.533] [main/DEBUG] [mixin/]: Processing prepare() for PlatformAgent[MixinPlatformAgentDefault:ModLauncher Root Container(ModLauncher:4f56a0a2)]
[13авг.2026 22:22:19.534] [main/DEBUG] [mixin/]: Registering mixin config: mixins.dnmmod.json
[13авг.2026 22:22:19.544] [main/WARN] [mixin/]: Compatibility level JAVA_17 specified by mixins.dnmmod.json is higher than the maximum level supported by this version of mixin (JAVA_13).
[13авг.2026 22:22:19.545] [main/INFO] [mixin/]: Compatibility level set to JAVA_17
[13авг.2026 22:22:19.545] [main/DEBUG] [mixin/]: Processing launch tasks for PlatformAgent[MixinPlatformAgentDefault:ModLauncher Root Container(ModLauncher:4f56a0a2)]
[13авг.2026 22:22:19.545] [main/DEBUG] [mixin/]: Adding mixin platform agents for container SecureJarResource(minecraft)
[13авг.2026 22:22:19.545] [main/DEBUG] [mixin/]: Instancing new MixinPlatformAgentMinecraftForge for SecureJarResource(minecraft)
[13авг.2026 22:22:19.545] [main/DEBUG] [mixin/]: MixinPlatformAgentMinecraftForge rejected container SecureJarResource(minecraft)
[13авг.2026 22:22:19.545] [main/DEBUG] [mixin/]: Instancing new MixinPlatformAgentDefault for SecureJarResource(minecraft)
[13авг.2026 22:22:19.545] [main/DEBUG] [mixin/]: MixinPlatformAgentDefault accepted container SecureJarResource(minecraft)
[13авг.2026 22:22:19.545] [main/DEBUG] [mixin/]: Processing prepare() for PlatformAgent[MixinPlatformAgentDefault:SecureJarResource(minecraft)]
[13авг.2026 22:22:19.545] [main/DEBUG] [mixin/]: Adding mixin platform agents for container SecureJarResource(mixinextras)
[13авг.2026 22:22:19.545] [main/DEBUG] [mixin/]: Instancing new MixinPlatformAgentMinecraftForge for SecureJarResource(mixinextras)
[13авг.2026 22:22:19.545] [main/DEBUG] [mixin/]: MixinPlatformAgentMinecraftForge rejected container SecureJarResource(mixinextras)
[13авг.2026 22:22:19.546] [main/DEBUG] [mixin/]: Instancing new MixinPlatformAgentDefault for SecureJarResource(mixinextras)
[13авг.2026 22:22:19.546] [main/DEBUG] [mixin/]: MixinPlatformAgentDefault accepted container SecureJarResource(mixinextras)
[13авг.2026 22:22:19.546] [main/DEBUG] [mixin/]: Processing prepare() for PlatformAgent[MixinPlatformAgentDefault:SecureJarResource(mixinextras)]
[13авг.2026 22:22:19.546] [main/DEBUG] [mixin/]: Registering mixin config: mixinextras.init.mixins.json
[13авг.2026 22:22:19.547] [main/DEBUG] [mixin/]: Adding mixin platform agents for container SecureJarResource(geckolib)
[13авг.2026 22:22:19.547] [main/DEBUG] [mixin/]: Instancing new MixinPlatformAgentMinecraftForge for SecureJarResource(geckolib)
[13авг.2026 22:22:19.547] [main/DEBUG] [mixin/]: MixinPlatformAgentMinecraftForge rejected container SecureJarResource(geckolib)
[13авг.2026 22:22:19.547] [main/DEBUG] [mixin/]: Instancing new MixinPlatformAgentDefault for SecureJarResource(geckolib)
[13авг.2026 22:22:19.547] [main/DEBUG] [mixin/]: MixinPlatformAgentDefault accepted container SecureJarResource(geckolib)
[13авг.2026 22:22:19.547] [main/DEBUG] [mixin/]: Processing prepare() for PlatformAgent[MixinPlatformAgentDefault:SecureJarResource(geckolib)]
[13авг.2026 22:22:19.548] [main/DEBUG] [mixin/]: Registering mixin config: geckolib.mixins.json
[13авг.2026 22:22:19.549] [main/DEBUG] [mixin/]: Adding mixin platform agents for container SecureJarResource(playeranimator)
[13авг.2026 22:22:19.549] [main/DEBUG] [mixin/]: Instancing new MixinPlatformAgentMinecraftForge for SecureJarResource(playeranimator)
[13авг.2026 22:22:19.549] [main/DEBUG] [mixin/]: MixinPlatformAgentMinecraftForge rejected container SecureJarResource(playeranimator)
[13авг.2026 22:22:19.549] [main/DEBUG] [mixin/]: Instancing new MixinPlatformAgentDefault for SecureJarResource(playeranimator)
[13авг.2026 22:22:19.549] [main/DEBUG] [mixin/]: MixinPlatformAgentDefault accepted container SecureJarResource(playeranimator)
[13авг.2026 22:22:19.549] [main/DEBUG] [mixin/]: Processing prepare() for PlatformAgent[MixinPlatformAgentDefault:SecureJarResource(playeranimator)]
[13авг.2026 22:22:19.549] [main/DEBUG] [mixin/]: Registering mixin config: playerAnimator-common.mixins.json
[13авг.2026 22:22:19.550] [main/WARN] [mixin/]: Compatibility level JAVA_16 specified by playerAnimator-common.mixins.json is higher than the maximum level supported by this version of mixin (JAVA_13).
[13авг.2026 22:22:19.551] [main/DEBUG] [mixin/]: Adding mixin platform agents for container SecureJarResource(irons_spellbooks)
[13авг.2026 22:22:19.551] [main/DEBUG] [mixin/]: Instancing new MixinPlatformAgentMinecraftForge for SecureJarResource(irons_spellbooks)
[13авг.2026 22:22:19.551] [main/DEBUG] [mixin/]: MixinPlatformAgentMinecraftForge rejected container SecureJarResource(irons_spellbooks)
[13авг.2026 22:22:19.551] [main/DEBUG] [mixin/]: Instancing new MixinPlatformAgentDefault for SecureJarResource(irons_spellbooks)
[13авг.2026 22:22:19.551] [main/DEBUG] [mixin/]: MixinPlatformAgentDefault accepted container SecureJarResource(irons_spellbooks)
[13авг.2026 22:22:19.551] [main/DEBUG] [mixin/]: Processing prepare() for PlatformAgent[MixinPlatformAgentDefault:SecureJarResource(irons_spellbooks)]
[13авг.2026 22:22:19.551] [main/DEBUG] [mixin/]: Registering mixin config: mixins.irons_spellbooks.json
[13авг.2026 22:22:19.552] [main/DEBUG] [mixin/]: Adding mixin platform agents for container SecureJarResource(jei)
[13авг.2026 22:22:19.552] [main/DEBUG] [mixin/]: Instancing new MixinPlatformAgentMinecraftForge for SecureJarResource(jei)
[13авг.2026 22:22:19.552] [main/DEBUG] [mixin/]: MixinPlatformAgentMinecraftForge rejected container SecureJarResource(jei)
[13авг.2026 22:22:19.552] [main/DEBUG] [mixin/]: Instancing new MixinPlatformAgentDefault for SecureJarResource(jei)
[13авг.2026 22:22:19.552] [main/DEBUG] [mixin/]: MixinPlatformAgentDefault accepted container SecureJarResource(jei)
[13авг.2026 22:22:19.552] [main/DEBUG] [mixin/]: Processing prepare() for PlatformAgent[MixinPlatformAgentDefault:SecureJarResource(jei)]
[13авг.2026 22:22:19.552] [main/DEBUG] [mixin/]: Adding mixin platform agents for container SecureJarResource(irons_lib)
[13авг.2026 22:22:19.553] [main/DEBUG] [mixin/]: Instancing new MixinPlatformAgentMinecraftForge for SecureJarResource(irons_lib)
[13авг.2026 22:22:19.553] [main/DEBUG] [mixin/]: MixinPlatformAgentMinecraftForge rejected container SecureJarResource(irons_lib)
[13авг.2026 22:22:19.553] [main/DEBUG] [mixin/]: Instancing new MixinPlatformAgentDefault for SecureJarResource(irons_lib)
[13авг.2026 22:22:19.553] [main/DEBUG] [mixin/]: MixinPlatformAgentDefault accepted container SecureJarResource(irons_lib)
[13авг.2026 22:22:19.553] [main/DEBUG] [mixin/]: Processing prepare() for PlatformAgent[MixinPlatformAgentDefault:SecureJarResource(irons_lib)]
[13авг.2026 22:22:19.553] [main/DEBUG] [mixin/]: Registering mixin config: irons_lib.mixins.json
[13авг.2026 22:22:19.554] [main/DEBUG] [mixin/]: Adding mixin platform agents for container SecureJarResource(pehkui)
[13авг.2026 22:22:19.554] [main/DEBUG] [mixin/]: Instancing new MixinPlatformAgentMinecraftForge for SecureJarResource(pehkui)
[13авг.2026 22:22:19.554] [main/DEBUG] [mixin/]: MixinPlatformAgentMinecraftForge rejected container SecureJarResource(pehkui)
[13авг.2026 22:22:19.555] [main/DEBUG] [mixin/]: Instancing new MixinPlatformAgentDefault for SecureJarResource(pehkui)
[13авг.2026 22:22:19.555] [main/DEBUG] [mixin/]: MixinPlatformAgentDefault accepted container SecureJarResource(pehkui)
[13авг.2026 22:22:19.555] [main/DEBUG] [mixin/]: Processing prepare() for PlatformAgent[MixinPlatformAgentDefault:SecureJarResource(pehkui)]
[13авг.2026 22:22:19.555] [main/DEBUG] [mixin/]: Registering mixin config: pehkui.mixins.json
[13авг.2026 22:22:19.557] [main/DEBUG] [mixin/]: Adding mixin platform agents for container SecureJarResource(cloth_config)
[13авг.2026 22:22:19.557] [main/DEBUG] [mixin/]: Instancing new MixinPlatformAgentMinecraftForge for SecureJarResource(cloth_config)
[13авг.2026 22:22:19.557] [main/DEBUG] [mixin/]: MixinPlatformAgentMinecraftForge rejected container SecureJarResource(cloth_config)
[13авг.2026 22:22:19.557] [main/DEBUG] [mixin/]: Instancing new MixinPlatformAgentDefault for SecureJarResource(cloth_config)
[13авг.2026 22:22:19.557] [main/DEBUG] [mixin/]: MixinPlatformAgentDefault accepted container SecureJarResource(cloth_config)
[13авг.2026 22:22:19.557] [main/DEBUG] [mixin/]: Processing prepare() for PlatformAgent[MixinPlatformAgentDefault:SecureJarResource(cloth_config)]
[13авг.2026 22:22:19.557] [main/DEBUG] [mixin/]: Adding mixin platform agents for container SecureJarResource(bettercombat)
[13авг.2026 22:22:19.557] [main/DEBUG] [mixin/]: Instancing new MixinPlatformAgentMinecraftForge for SecureJarResource(bettercombat)
[13авг.2026 22:22:19.557] [main/DEBUG] [mixin/]: MixinPlatformAgentMinecraftForge rejected container SecureJarResource(bettercombat)
[13авг.2026 22:22:19.558] [main/DEBUG] [mixin/]: Instancing new MixinPlatformAgentDefault for SecureJarResource(bettercombat)
[13авг.2026 22:22:19.558] [main/DEBUG] [mixin/]: MixinPlatformAgentDefault accepted container SecureJarResource(bettercombat)
[13авг.2026 22:22:19.558] [main/DEBUG] [mixin/]: Processing prepare() for PlatformAgent[MixinPlatformAgentDefault:SecureJarResource(bettercombat)]
[13авг.2026 22:22:19.558] [main/DEBUG] [mixin/]: Registering mixin config: bettercombat.mixins.json
[13авг.2026 22:22:19.559] [main/DEBUG] [mixin/]: Adding mixin platform agents for container SecureJarResource(caelus)
[13авг.2026 22:22:19.559] [main/DEBUG] [mixin/]: Instancing new MixinPlatformAgentMinecraftForge for SecureJarResource(caelus)
[13авг.2026 22:22:19.559] [main/DEBUG] [mixin/]: MixinPlatformAgentMinecraftForge rejected container SecureJarResource(caelus)
[13авг.2026 22:22:19.559] [main/DEBUG] [mixin/]: Instancing new MixinPlatformAgentDefault for SecureJarResource(caelus)
[13авг.2026 22:22:19.559] [main/DEBUG] [mixin/]: MixinPlatformAgentDefault accepted container SecureJarResource(caelus)
[13авг.2026 22:22:19.559] [main/DEBUG] [mixin/]: Processing prepare() for PlatformAgent[MixinPlatformAgentDefault:SecureJarResource(caelus)]
[13авг.2026 22:22:19.559] [main/DEBUG] [mixin/]: Registering mixin config: caelus.mixins.json
[13авг.2026 22:22:19.560] [main/DEBUG] [mixin/]: Adding mixin platform agents for container SecureJarResource(forge)
[13авг.2026 22:22:19.561] [main/DEBUG] [mixin/]: Instancing new MixinPlatformAgentMinecraftForge for SecureJarResource(forge)
[13авг.2026 22:22:19.561] [main/DEBUG] [mixin/]: MixinPlatformAgentMinecraftForge rejected container SecureJarResource(forge)
[13авг.2026 22:22:19.561] [main/DEBUG] [mixin/]: Instancing new MixinPlatformAgentDefault for SecureJarResource(forge)
[13авг.2026 22:22:19.561] [main/DEBUG] [mixin/]: MixinPlatformAgentDefault accepted container SecureJarResource(forge)
[13авг.2026 22:22:19.561] [main/DEBUG] [mixin/]: Processing prepare() for PlatformAgent[MixinPlatformAgentDefault:SecureJarResource(forge)]
[13авг.2026 22:22:19.561] [main/DEBUG] [mixin/]: Adding mixin platform agents for container SecureJarResource(puffish_attributes)
[13авг.2026 22:22:19.561] [main/DEBUG] [mixin/]: Instancing new MixinPlatformAgentMinecraftForge for SecureJarResource(puffish_attributes)
[13авг.2026 22:22:19.561] [main/DEBUG] [mixin/]: MixinPlatformAgentMinecraftForge rejected container SecureJarResource(puffish_attributes)
[13авг.2026 22:22:19.561] [main/DEBUG] [mixin/]: Instancing new MixinPlatformAgentDefault for SecureJarResource(puffish_attributes)
[13авг.2026 22:22:19.561] [main/DEBUG] [mixin/]: MixinPlatformAgentDefault accepted container SecureJarResource(puffish_attributes)
[13авг.2026 22:22:19.561] [main/DEBUG] [mixin/]: Processing prepare() for PlatformAgent[MixinPlatformAgentDefault:SecureJarResource(puffish_attributes)]
[13авг.2026 22:22:19.561] [main/DEBUG] [mixin/]: Registering mixin config: puffish_attributes.mixins.json
[13авг.2026 22:22:19.563] [main/DEBUG] [mixin/]: Adding mixin platform agents for container SecureJarResource(curios)
[13авг.2026 22:22:19.563] [main/DEBUG] [mixin/]: Instancing new MixinPlatformAgentMinecraftForge for SecureJarResource(curios)
[13авг.2026 22:22:19.563] [main/DEBUG] [mixin/]: MixinPlatformAgentMinecraftForge rejected container SecureJarResource(curios)
[13авг.2026 22:22:19.563] [main/DEBUG] [mixin/]: Instancing new MixinPlatformAgentDefault for SecureJarResource(curios)
[13авг.2026 22:22:19.563] [main/DEBUG] [mixin/]: MixinPlatformAgentDefault accepted container SecureJarResource(curios)
[13авг.2026 22:22:19.563] [main/DEBUG] [mixin/]: Processing prepare() for PlatformAgent[MixinPlatformAgentDefault:SecureJarResource(curios)]
[13авг.2026 22:22:19.563] [main/DEBUG] [mixin/]: Registering mixin config: curios.mixins.json
[13авг.2026 22:22:19.564] [main/DEBUG] [mixin/]: Adding mixin platform agents for container SecureJarResource(dnmmod)
[13авг.2026 22:22:19.564] [main/DEBUG] [mixin/]: Instancing new MixinPlatformAgentMinecraftForge for SecureJarResource(dnmmod)
[13авг.2026 22:22:19.565] [main/DEBUG] [mixin/]: MixinPlatformAgentMinecraftForge rejected container SecureJarResource(dnmmod)
[13авг.2026 22:22:19.565] [main/DEBUG] [mixin/]: Instancing new MixinPlatformAgentDefault for SecureJarResource(dnmmod)
[13авг.2026 22:22:19.565] [main/DEBUG] [mixin/]: MixinPlatformAgentDefault accepted container SecureJarResource(dnmmod)
[13авг.2026 22:22:19.565] [main/DEBUG] [mixin/]: Processing prepare() for PlatformAgent[MixinPlatformAgentDefault:SecureJarResource(dnmmod)]
[13авг.2026 22:22:19.565] [main/DEBUG] [mixin/]: Adding mixin platform agents for container SecureJarResource(mclib)
[13авг.2026 22:22:19.565] [main/DEBUG] [mixin/]: Instancing new MixinPlatformAgentMinecraftForge for SecureJarResource(mclib)
[13авг.2026 22:22:19.565] [main/DEBUG] [mixin/]: MixinPlatformAgentMinecraftForge rejected container SecureJarResource(mclib)
[13авг.2026 22:22:19.565] [main/DEBUG] [mixin/]: Instancing new MixinPlatformAgentDefault for SecureJarResource(mclib)
[13авг.2026 22:22:19.565] [main/DEBUG] [mixin/]: MixinPlatformAgentDefault accepted container SecureJarResource(mclib)
[13авг.2026 22:22:19.565] [main/DEBUG] [mixin/]: Processing prepare() for PlatformAgent[MixinPlatformAgentDefault:SecureJarResource(mclib)]
[13авг.2026 22:22:19.565] [main/DEBUG] [mixin/]: Adding mixin platform agents for container SecureJarResource(MixinExtras)
[13авг.2026 22:22:19.565] [main/DEBUG] [mixin/]: Instancing new MixinPlatformAgentMinecraftForge for SecureJarResource(MixinExtras)
[13авг.2026 22:22:19.565] [main/DEBUG] [mixin/]: MixinPlatformAgentMinecraftForge rejected container SecureJarResource(MixinExtras)
[13авг.2026 22:22:19.565] [main/DEBUG] [mixin/]: Instancing new MixinPlatformAgentDefault for SecureJarResource(MixinExtras)
[13авг.2026 22:22:19.566] [main/DEBUG] [mixin/]: MixinPlatformAgentDefault accepted container SecureJarResource(MixinExtras)
[13авг.2026 22:22:19.566] [main/DEBUG] [mixin/]: Processing prepare() for PlatformAgent[MixinPlatformAgentDefault:SecureJarResource(MixinExtras)]
[13авг.2026 22:22:19.566] [main/DEBUG] [mixin/]: inject() running with 18 agents
[13авг.2026 22:22:19.566] [main/DEBUG] [mixin/]: Processing inject() for PlatformAgent[MixinPlatformAgentDefault:ModLauncher Root Container(ModLauncher:4f56a0a2)]
[13авг.2026 22:22:19.566] [main/DEBUG] [mixin/]: Processing inject() for PlatformAgent[MixinPlatformAgentDefault:SecureJarResource(minecraft)]
[13авг.2026 22:22:19.566] [main/DEBUG] [mixin/]: Processing inject() for PlatformAgent[MixinPlatformAgentDefault:SecureJarResource(mixinextras)]
[13авг.2026 22:22:19.566] [main/DEBUG] [mixin/]: Processing inject() for PlatformAgent[MixinPlatformAgentDefault:SecureJarResource(geckolib)]
[13авг.2026 22:22:19.566] [main/DEBUG] [mixin/]: Processing inject() for PlatformAgent[MixinPlatformAgentDefault:SecureJarResource(playeranimator)]
[13авг.2026 22:22:19.566] [main/DEBUG] [mixin/]: Processing inject() for PlatformAgent[MixinPlatformAgentDefault:SecureJarResource(irons_spellbooks)]
[13авг.2026 22:22:19.566] [main/DEBUG] [mixin/]: Processing inject() for PlatformAgent[MixinPlatformAgentDefault:SecureJarResource(jei)]
[13авг.2026 22:22:19.566] [main/DEBUG] [mixin/]: Processing inject() for PlatformAgent[MixinPlatformAgentDefault:SecureJarResource(irons_lib)]
[13авг.2026 22:22:19.566] [main/DEBUG] [mixin/]: Processing inject() for PlatformAgent[MixinPlatformAgentDefault:SecureJarResource(pehkui)]
[13авг.2026 22:22:19.566] [main/DEBUG] [mixin/]: Processing inject() for PlatformAgent[MixinPlatformAgentDefault:SecureJarResource(cloth_config)]
[13авг.2026 22:22:19.566] [main/DEBUG] [mixin/]: Processing inject() for PlatformAgent[MixinPlatformAgentDefault:SecureJarResource(bettercombat)]
[13авг.2026 22:22:19.566] [main/DEBUG] [mixin/]: Processing inject() for PlatformAgent[MixinPlatformAgentDefault:SecureJarResource(caelus)]
[13авг.2026 22:22:19.566] [main/DEBUG] [mixin/]: Processing inject() for PlatformAgent[MixinPlatformAgentDefault:SecureJarResource(forge)]
[13авг.2026 22:22:19.566] [main/DEBUG] [mixin/]: Processing inject() for PlatformAgent[MixinPlatformAgentDefault:SecureJarResource(puffish_attributes)]
[13авг.2026 22:22:19.566] [main/DEBUG] [mixin/]: Processing inject() for PlatformAgent[MixinPlatformAgentDefault:SecureJarResource(curios)]
[13авг.2026 22:22:19.566] [main/DEBUG] [mixin/]: Processing inject() for PlatformAgent[MixinPlatformAgentDefault:SecureJarResource(dnmmod)]
[13авг.2026 22:22:19.567] [main/DEBUG] [mixin/]: Processing inject() for PlatformAgent[MixinPlatformAgentDefault:SecureJarResource(mclib)]
[13авг.2026 22:22:19.567] [main/DEBUG] [mixin/]: Processing inject() for PlatformAgent[MixinPlatformAgentDefault:SecureJarResource(MixinExtras)]
[13авг.2026 22:22:19.567] [main/INFO] [cpw.mods.modlauncher.LaunchServiceHandler/MODLAUNCHER]: Launching target 'forgedatauserdev' with arguments [--gameDir, ., --assetsDir, C:\Users\Валера\.gradle\caches\forge_gradle\assets, --assetIndex, 5, --mod, dnmmod, --all, --output, C:\Modding\DnM\src\generated\resources, --existing, C:\Modding\DnM\src\main\resources]
[13авг.2026 22:22:19.645] [main/INFO] [mixin/]: Attempting to load Fernflower decompiler (Threaded mode)
[13авг.2026 22:22:19.646] [main/INFO] [mixin/]: Fernflower could not be loaded, exported classes will not be decompiled. NoClassDefFoundError: org/jetbrains/java/decompiler/main/extern/IResultSaver
[13авг.2026 22:22:19.716] [main/INFO] [mixin/]: Preparing mixins for MixinEnvironment[DEFAULT]
[13авг.2026 22:22:19.716] [main/INFO] [mixin/]: Selecting config mixins.dnmmod.json
[13авг.2026 22:22:19.718] [main/WARN] [mixin/]: Reference map 'dnmmod.refmap.json' for mixins.dnmmod.json could not be read. If this is a development environment you can ignore this message
[13авг.2026 22:22:19.719] [main/INFO] [mixin/]: Selecting config mixinextras.init.mixins.json
[13авг.2026 22:22:19.746] [main/DEBUG] [MixinExtras|Service/]: com.llamalad7.mixinextras.service.MixinExtrasServiceImpl(version=0.4.1) is taking over from null
[13авг.2026 22:22:19.769] [main/DEBUG] [mixin/]: Registering new injector for @Inject with org.spongepowered.asm.mixin.injection.struct.CallbackInjectionInfo
[13авг.2026 22:22:19.771] [main/DEBUG] [mixin/]: Registering new injector for @ModifyArg with org.spongepowered.asm.mixin.injection.struct.ModifyArgInjectionInfo
[13авг.2026 22:22:19.772] [main/DEBUG] [mixin/]: Registering new injector for @ModifyArgs with org.spongepowered.asm.mixin.injection.struct.ModifyArgsInjectionInfo
[13авг.2026 22:22:19.773] [main/DEBUG] [mixin/]: Registering new injector for @Redirect with org.spongepowered.asm.mixin.injection.struct.RedirectInjectionInfo
[13авг.2026 22:22:19.774] [main/DEBUG] [mixin/]: Registering new injector for @ModifyVariable with org.spongepowered.asm.mixin.injection.struct.ModifyVariableInjectionInfo
[13авг.2026 22:22:19.775] [main/DEBUG] [mixin/]: Registering new injector for @ModifyConstant with org.spongepowered.asm.mixin.injection.struct.ModifyConstantInjectionInfo
[13авг.2026 22:22:19.782] [main/INFO] [mixin/]: Selecting config geckolib.mixins.json
[13авг.2026 22:22:19.988] [main/INFO] [mixin/]: Remapping refMap geckolib.refmap.json using C:\Modding\DnM/build/createSrgToMcp/output.srg
[13авг.2026 22:22:19.988] [main/INFO] [mixin/]: Selecting config playerAnimator-common.mixins.json
[13авг.2026 22:22:19.990] [main/INFO] [mixin/]: Remapping refMap player-animation-lib-minecraft_common-refmap.json using C:\Modding\DnM/build/createSrgToMcp/output.srg
[13авг.2026 22:22:19.991] [main/INFO] [mixin/]: Selecting config mixins.irons_spellbooks.json
[13авг.2026 22:22:19.992] [main/INFO] [mixin/]: Remapping refMap irons_spellbooks.refmap.json using C:\Modding\DnM/build/createSrgToMcp/output.srg
[13авг.2026 22:22:19.992] [main/INFO] [mixin/]: Selecting config irons_lib.mixins.json
[13авг.2026 22:22:19.993] [main/INFO] [mixin/]: Remapping refMap irons_lib.refmap.json using C:\Modding\DnM/build/createSrgToMcp/output.srg
[13авг.2026 22:22:19.993] [main/INFO] [mixin/]: Selecting config pehkui.mixins.json
[13авг.2026 22:22:19.997] [main/INFO] [mixin/]: Remapping refMap Pehkui-refmap.json using C:\Modding\DnM/build/createSrgToMcp/output.srg
[13авг.2026 22:22:19.997] [main/INFO] [mixin/]: Selecting config bettercombat.mixins.json
[13авг.2026 22:22:20.000] [main/INFO] [mixin/]: Remapping refMap bettercombat-common-common-refmap.json using C:\Modding\DnM/build/createSrgToMcp/output.srg
[13авг.2026 22:22:20.000] [main/INFO] [mixin/]: Selecting config caelus.mixins.json
[13авг.2026 22:22:20.001] [main/INFO] [mixin/]: Remapping refMap caelus.refmap.json using C:\Modding\DnM/build/createSrgToMcp/output.srg
[13авг.2026 22:22:20.001] [main/INFO] [mixin/]: Selecting config puffish_attributes.mixins.json
[13авг.2026 22:22:20.002] [main/INFO] [mixin/]: Remapping refMap puffish_attributes-refmap.json using C:\Modding\DnM/build/createSrgToMcp/output.srg
[13авг.2026 22:22:20.002] [main/INFO] [mixin/]: Selecting config curios.mixins.json
[13авг.2026 22:22:20.003] [main/INFO] [mixin/]: Remapping refMap curios.refmap.json using C:\Modding\DnM/build/createSrgToMcp/output.srg
[13авг.2026 22:22:20.003] [main/INFO] [mixin/]: Preparing mixins.dnmmod.json (4)
[13авг.2026 22:22:20.025] [main/WARN] [mixin/]: Error loading class: net/alshanex/alshanex_familiars/spells/AngelSpell (java.lang.ClassNotFoundException: net.alshanex.alshanex_familiars.spells.AngelSpell)
[13авг.2026 22:22:20.025] [main/WARN] [mixin/]: @Mixin target net.alshanex.alshanex_familiars.spells.AngelSpell was not found mixins.dnmmod.json:AngelSpellFixMixin
[13авг.2026 22:22:20.025] [main/INFO] [mixin/]: Preparing mixinextras.init.mixins.json (0)
[13авг.2026 22:22:20.025] [main/INFO] [mixin/]: Preparing geckolib.mixins.json (1)
[13авг.2026 22:22:20.030] [main/INFO] [mixin/]: Preparing playerAnimator-common.mixins.json (14)
[13авг.2026 22:22:20.101] [main/INFO] [mixin/]: Preparing mixins.irons_spellbooks.json (33)
[13авг.2026 22:22:20.135] [main/DEBUG] [net.minecraftforge.coremod.transformer.CoreModBaseTransformer/COREMOD]: Transforming net/minecraft/world/item/ItemStack
[13авг.2026 22:22:20.203] [main/INFO] [mixin/]: Preparing irons_lib.mixins.json (10)
[13авг.2026 22:22:20.215] [main/INFO] [mixin/]: Preparing pehkui.mixins.json (246)
[13авг.2026 22:22:20.220] [main/DEBUG] [net.minecraftforge.versions.mcp.MCPVersion/CORE]: MCP Version package package net.minecraftforge.versions.mcp, Minecraft, version 1.20.1 from cpw.mods.modlauncher.TransformingClassLoader@7bd96822
[13авг.2026 22:22:20.220] [main/DEBUG] [net.minecraftforge.versions.mcp.MCPVersion/CORE]: Found MC version information 1.20.1
[13авг.2026 22:22:20.220] [main/DEBUG] [net.minecraftforge.versions.mcp.MCPVersion/CORE]: Found MCP version information 20230612.114412
[13авг.2026 22:22:20.431] [main/DEBUG] [net.minecraftforge.coremod.transformer.CoreModBaseTransformer/COREMOD]: Transforming net/minecraft/world/entity/monster/Evoker$EvokerSummonSpellGoal
[13авг.2026 22:22:20.501] [main/DEBUG] [net.minecraftforge.coremod.transformer.CoreModBaseTransformer/COREMOD]: Transforming net/minecraft/world/entity/npc/Villager
[13авг.2026 22:22:20.619] [main/DEBUG] [net.minecraftforge.coremod.transformer.CoreModBaseTransformer/COREMOD]: Transforming net/minecraft/world/entity/monster/Zombie
[13авг.2026 22:22:20.721] [main/INFO] [mixin/]: Preparing bettercombat.mixins.json (17)
[13авг.2026 22:22:20.730] [main/INFO] [mixin/]: Preparing caelus.mixins.json (4)
[13авг.2026 22:22:20.731] [main/INFO] [mixin/]: Preparing puffish_attributes.mixins.json (16)
[13авг.2026 22:22:20.741] [main/INFO] [mixin/]: Preparing curios.mixins.json (13)
[13авг.2026 22:22:20.759] [main/DEBUG] [mixin/]: Inner class io/redspace/ironsspellbooks/mixin/DispenserBlockMixin$1 in io/redspace/ironsspellbooks/mixin/DispenserBlockMixin on net/minecraft/world/level/block/DispenserBlock gets unique name net/minecraft/world/level/block/DispenserBlock$Anonymous$053d1850189042a082bbfec0162e61e1
[13авг.2026 22:22:20.789] [main/INFO] [mixin/]: Prepared 242 mixins in 1,073 sec (4,4ms avg) (0ms load, 0ms transform, 0ms plugin)
[13авг.2026 22:22:20.866] [main/DEBUG] [io.netty.util.internal.logging.InternalLoggerFactory/]: Using SLF4J as the default logging framework
[13авг.2026 22:22:20.868] [main/DEBUG] [io.netty.util.ResourceLeakDetector/]: -Dio.netty.leakDetection.level: simple
[13авг.2026 22:22:20.868] [main/DEBUG] [io.netty.util.ResourceLeakDetector/]: -Dio.netty.leakDetection.targetRecords: 4
[13авг.2026 22:22:20.957] [main/INFO] [net.minecraftforge.data.loading.DatagenModLoader/]: Initializing Data Gatherer for mods [dnmmod]
[13авг.2026 22:22:20.976] [main/INFO] [MixinExtras|Service/]: Initializing MixinExtras via com.llamalad7.mixinextras.service.MixinExtrasServiceImpl(version=0.4.1).
[13авг.2026 22:22:20.977] [main/DEBUG] [mixin/]: Registering new injector for @SugarWrapper with com.llamalad7.mixinextras.sugar.impl.SugarWrapperInjectionInfo
[13авг.2026 22:22:20.977] [main/DEBUG] [mixin/]: Registering new injector for @FactoryRedirectWrapper with com.llamalad7.mixinextras.wrapper.factory.FactoryRedirectWrapperInjectionInfo
[13авг.2026 22:22:20.981] [main/INFO] [mixin/]: Mixing SimpleRegistryAccessor from puffish_attributes.mixins.json into net.minecraft.core.MappedRegistry
[13авг.2026 22:22:21.004] [main/INFO] [mixin/]: Mixing SimpleRegistryMixin from puffish_attributes.mixins.json into net.minecraft.core.MappedRegistry
[13авг.2026 22:22:21.005] [main/INFO] [mixin/]: Renaming synthetic method lambda$modifyReturnValueAtGetIds$0(Lnet/minecraft/resources/ResourceLocation;)Z to md574228$lambda$modifyReturnValueAtGetIds$0$0 in puffish_attributes.mixins.json:SimpleRegistryMixin
[13авг.2026 22:22:21.107] [main/INFO] [mixin/]: Mixing RegistryEntryReferenceInvoker from puffish_attributes.mixins.json into net.minecraft.core.Holder$Reference
[13авг.2026 22:22:21.151] [main/INFO] [mixin/]: Mixing compat116plus.AbstractBlockStateMixin from pehkui.mixins.json into net.minecraft.world.level.block.state.BlockBehaviour$BlockStateBase
[13авг.2026 22:22:21.173] [main/INFO] [mixin/]: Mixing EntityAccessor from mixins.irons_spellbooks.json into net.minecraft.world.entity.Entity
[13авг.2026 22:22:21.177] [main/INFO] [mixin/]: Mixing EntityMixin from mixins.irons_spellbooks.json into net.minecraft.world.entity.Entity
[13авг.2026 22:22:21.186] [main/INFO] [mixin/]: Mixing ClientEntityMixin from mixins.irons_spellbooks.json into net.minecraft.world.entity.Entity
[13авг.2026 22:22:21.195] [main/INFO] [mixin/]: Mixing EntityMixin from pehkui.mixins.json into net.minecraft.world.entity.Entity
[13авг.2026 22:22:21.226] [main/INFO] [mixin/]: Mixing compat116plus.EntityMixin from pehkui.mixins.json into net.minecraft.world.entity.Entity
[13авг.2026 22:22:21.227] [main/INFO] [mixin/]: Mixing compat117plus.EntityCalculateDimensionsMixin from pehkui.mixins.json into net.minecraft.world.entity.Entity
[13авг.2026 22:22:21.227] [main/INFO] [mixin/]: Renaming synthetic method lambda$pehkui$calculateDimensions$0(Lnet/minecraft/world/entity/Entity;DLnet/minecraft/world/phys/Vec3;)V to md574228$lambda$pehkui$calculateDimensions$0$0 in pehkui.mixins.json:compat117plus.EntityCalculateDimensionsMixin
[13авг.2026 22:22:21.230] [main/DEBUG] [net.minecraftforge.coremod.transformer.CoreModBaseTransformer/COREMOD]: Transforming net/minecraft/world/entity/EntityType
[13авг.2026 22:22:21.271] [main/INFO] [mixin/]: Mixing compat117plus.EntityMixin from pehkui.mixins.json into net.minecraft.world.entity.Entity
[13авг.2026 22:22:21.273] [main/INFO] [mixin/]: Mixing compat120plus.EntityMixin from pehkui.mixins.json into net.minecraft.world.entity.Entity
[13авг.2026 22:22:21.274] [main/INFO] [mixin/]: Mixing step_height.compat1194plus.EntityMixin from pehkui.mixins.json into net.minecraft.world.entity.Entity
[13авг.2026 22:22:21.275] [main/INFO] [mixin/]: Mixing AccessorEntity from curios.mixins.json into net.minecraft.world.entity.Entity
[13авг.2026 22:22:21.475] [main/INFO] [mixin/]: Mixing step_height.IForgeEntityMixin from pehkui.mixins.json into net.minecraftforge.common.extensions.IForgeEntity
[13авг.2026 22:22:21.493] [main/INFO] [mixin/]: Mixing LivingEntityAccessor from mixins.irons_spellbooks.json into net.minecraft.world.entity.LivingEntity
[13авг.2026 22:22:21.498] [main/INFO] [mixin/]: Mixing LivingEntityMixin from mixins.irons_spellbooks.json into net.minecraft.world.entity.LivingEntity
[13авг.2026 22:22:21.499] [main/INFO] [mixin/]: Renaming synthetic method lambda$static$1(Lnet/minecraft/world/entity/ai/attributes/Attribute;)Z to md574228$lambda$static$1$0 in mixins.irons_spellbooks.json:LivingEntityMixin
[13авг.2026 22:22:21.499] [main/INFO] [mixin/]: Renaming synthetic method lambda$static$0(Lnet/minecraft/world/entity/ai/attributes/Attribute;)Z to md574228$lambda$static$0$1 in mixins.irons_spellbooks.json:LivingEntityMixin
[13авг.2026 22:22:21.506] [main/DEBUG] [net.minecraftforge.coremod.transformer.CoreModBaseTransformer/COREMOD]: Transforming net/minecraft/world/effect/MobEffectInstance
[13авг.2026 22:22:21.522] [main/INFO] [mixin/]: Mixing CommonLivingEntityMixin from irons_lib.mixins.json into net.minecraft.world.entity.LivingEntity
[13авг.2026 22:22:21.523] [main/INFO] [mixin/]: Mixing ClientLivingEntityMixin from irons_lib.mixins.json into net.minecraft.world.entity.LivingEntity
[13авг.2026 22:22:21.526] [main/INFO] [mixin/]: Mixing LivingEntityMixin from pehkui.mixins.json into net.minecraft.world.entity.LivingEntity
[13авг.2026 22:22:21.526] [main/INFO] [mixin/]: Renaming synthetic method lambda$pehkui$tickMovement$minVelocity$0(I)Z to md574228$lambda$pehkui$tickMovement$minVelocity$0$2 in pehkui.mixins.json:LivingEntityMixin
[13авг.2026 22:22:21.537] [main/INFO] [mixin/]: Mixing compat117plus.LivingEntityMixin from pehkui.mixins.json into net.minecraft.world.entity.LivingEntity
[13авг.2026 22:22:21.538] [main/INFO] [mixin/]: Mixing compat1194plus.LivingEntityMixin from pehkui.mixins.json into net.minecraft.world.entity.LivingEntity
[13авг.2026 22:22:21.538] [main/INFO] [mixin/]: Mixing LivingEntityAccessor from bettercombat.mixins.json into net.minecraft.world.entity.LivingEntity
[13авг.2026 22:22:21.546] [main/INFO] [mixin/]: Mixing LivingEntityMixin from bettercombat.mixins.json into net.minecraft.world.entity.LivingEntity
[13авг.2026 22:22:21.547] [main/INFO] [mixin/]: Renaming synthetic method lambda$getAttributeValue_Inject$0(Lnet/minecraft/world/entity/player/Player;Lnet/minecraft/world/entity/ai/attributes/Attribute;Lorg/spongepowered/asm/mixin/injection/callback/CallbackInfoReturnable;)V to md574228$lambda$getAttributeValue_Inject$0$3 in bettercombat.mixins.json:LivingEntityMixin
[13авг.2026 22:22:21.549] [main/INFO] [mixin/]: Mixing MixinLivingEntity from caelus.mixins.json into net.minecraft.world.entity.LivingEntity
[13авг.2026 22:22:21.550] [main/INFO] [mixin/]: Mixing MixinLivingEntity from curios.mixins.json into net.minecraft.world.entity.LivingEntity
[13авг.2026 22:22:21.551] [main/INFO] [mixin/]: Mixing compat115plus.LivingEntityMixin from pehkui.mixins.json into net.minecraft.world.entity.LivingEntity
[13авг.2026 22:22:21.552] [main/INFO] [mixin/]: Mixing LivingEntityMixin from puffish_attributes.mixins.json into net.minecraft.world.entity.LivingEntity
[13авг.2026 22:22:21.835] [main/INFO] [mixin/]: Mixing LevelMixin from mixins.irons_spellbooks.json into net.minecraft.world.level.Level
[13авг.2026 22:22:21.860] [main/INFO] [mixin/]: Mixing client.compat116plus.ItemEntityMixin from pehkui.mixins.json into net.minecraft.world.entity.item.ItemEntity
[13авг.2026 22:22:21.860] [main/INFO] [mixin/]: Mixing ItemEntityMixin from pehkui.mixins.json into net.minecraft.world.entity.item.ItemEntity
[13авг.2026 22:22:21.885] [main/INFO] [mixin/]: Mixing reach.PlayerEntityMixin from pehkui.mixins.json into net.minecraft.world.entity.player.Player
[13авг.2026 22:22:21.885] [main/INFO] [mixin/]: Mixing PlayerEntityMixin from playerAnimator-common.mixins.json into net.minecraft.world.entity.player.Player
[13авг.2026 22:22:21.885] [main/WARN] [mixin/]: playerAnimator-common.mixins.json:PlayerEntityMixin: Class version 61 required is higher than the class version supported by the current version of Mixin (JAVA_16 supports class version 60)
[13авг.2026 22:22:21.891] [main/INFO] [mixin/]: Mixing PlayerMixin from mixins.irons_spellbooks.json into net.minecraft.world.entity.player.Player
[13авг.2026 22:22:21.893] [main/INFO] [mixin/]: Mixing PlayerAccessor from irons_lib.mixins.json into net.minecraft.world.entity.player.Player
[13авг.2026 22:22:21.894] [main/INFO] [mixin/]: Renaming @Accessor method getDataPlayerModeCustomisation()Lnet/minecraft/network/syncher/EntityDataAccessor; to getDataPlayerModeCustomisation_$md$574228$0 in irons_lib.mixins.json:PlayerAccessor
[13авг.2026 22:22:21.898] [main/INFO] [mixin/]: Mixing ClientPlayerMixin from irons_lib.mixins.json into net.minecraft.world.entity.player.Player
[13авг.2026 22:22:21.900] [main/INFO] [mixin/]: Mixing PlayerEntityMixin from pehkui.mixins.json into net.minecraft.world.entity.player.Player
[13авг.2026 22:22:21.901] [main/INFO] [mixin/]: Mixing compat117plus.PlayerEntityMixin from pehkui.mixins.json into net.minecraft.world.entity.player.Player
[13авг.2026 22:22:21.902] [main/INFO] [mixin/]: Mixing compat1194plus.PlayerEntityMixin from pehkui.mixins.json into net.minecraft.world.entity.player.Player
[13авг.2026 22:22:21.902] [main/INFO] [mixin/]: Mixing compat1201minus.EntityVehicleHeightOffsetMixin from pehkui.mixins.json into net.minecraft.world.entity.player.Player
[13авг.2026 22:22:21.903] [main/INFO] [mixin/]: Mixing PlayerEntityAccessor from bettercombat.mixins.json into net.minecraft.world.entity.player.Player
[13авг.2026 22:22:21.907] [main/INFO] [mixin/]: Mixing PlayerEntityMixin from bettercombat.mixins.json into net.minecraft.world.entity.player.Player
[13авг.2026 22:22:21.914] [main/INFO] [mixin/]: Mixing PlayerEntityMixin from puffish_attributes.mixins.json into net.minecraft.world.entity.player.Player
[13авг.2026 22:22:22.092] [main/INFO] [mixin/]: Mixing reach.IForgePlayerMixin from pehkui.mixins.json into net.minecraftforge.common.extensions.IForgePlayer
[13авг.2026 22:22:22.116] [main/INFO] [mixin/]: Mixing ItemMixin from mixins.irons_spellbooks.json into net.minecraft.world.item.Item
[13авг.2026 22:22:22.118] [main/INFO] [mixin/]: Mixing reach.compat116plus.ItemMixin from pehkui.mixins.json into net.minecraft.world.item.Item
[13авг.2026 22:22:22.127] [main/INFO] [mixin/]: Mixing compat117plus.patchwork.compat.IForgeItemMixin from pehkui.mixins.json into net.minecraftforge.common.extensions.IForgeItem
[13авг.2026 22:22:22.134] [main/DEBUG] [net.minecraftforge.coremod.transformer.CoreModBaseTransformer/COREMOD]: Transforming net/minecraft/world/entity/EntityType
[13авг.2026 22:22:22.169] [main/INFO] [mixin/]: Mixing MobEffectMixin from mixins.irons_spellbooks.json into net.minecraft.world.effect.MobEffect
[13авг.2026 22:22:22.180] [main/INFO] [mixin/]: Mixing EnchantmentMixin from bettercombat.mixins.json into net.minecraft.world.item.enchantment.Enchantment
[13авг.2026 22:22:22.351] [main/DEBUG] [net.minecraftforge.coremod.transformer.CoreModBaseTransformer/COREMOD]: Transforming net/minecraft/world/level/block/LiquidBlock
[13авг.2026 22:22:22.361] [main/INFO] [mixin/]: Mixing DispenserBlockMixin from mixins.irons_spellbooks.json into net.minecraft.world.level.block.DispenserBlock
[13авг.2026 22:22:22.400] [main/DEBUG] [net.minecraftforge.coremod.transformer.CoreModBaseTransformer/COREMOD]: Transforming net/minecraft/world/level/block/StairBlock
[13авг.2026 22:22:22.426] [main/INFO] [mixin/]: Mixing PortalBlockMixin from pehkui.mixins.json into net.minecraft.world.level.block.NetherPortalBlock
[13авг.2026 22:22:22.458] [main/DEBUG] [net.minecraftforge.coremod.transformer.CoreModBaseTransformer/COREMOD]: Transforming net/minecraft/world/level/block/FlowerPotBlock
[13авг.2026 22:22:22.512] [main/INFO] [mixin/]: Mixing MixinPowderSnowBlock from curios.mixins.json into net.minecraft.world.level.block.PowderSnowBlock
[13авг.2026 22:22:22.610] [main/INFO] [mixin/]: Mixing PreEntityTickMixin from pehkui.mixins.json into net.minecraft.world.entity.item.FallingBlockEntity
[13авг.2026 22:22:22.647] [main/INFO] [mixin/]: Mixing reach.compat1194plus.InventoryMixin from pehkui.mixins.json into net.minecraft.world.Container
[13авг.2026 22:22:22.755] [main/INFO] [mixin/]: Mixing ServerPlayerEntityMixin from pehkui.mixins.json into net.minecraft.server.level.ServerPlayer
[13авг.2026 22:22:22.784] [main/INFO] [mixin/]: Mixing PreEntityTickMixin from pehkui.mixins.json into net.minecraft.world.entity.item.PrimedTnt
[13авг.2026 22:22:22.934] [main/INFO] [mixin/]: Mixing ScreenHandlerMixin from pehkui.mixins.json into net.minecraft.world.inventory.AbstractContainerMenu
[13авг.2026 22:22:22.934] [main/INFO] [mixin/]: Mixing reach.ScreenHandlerMixin from pehkui.mixins.json into net.minecraft.world.inventory.AbstractContainerMenu
[13авг.2026 22:22:23.006] [main/INFO] [mixin/]: Mixing AbstractArrowAccessor from mixins.irons_spellbooks.json into net.minecraft.world.entity.projectile.AbstractArrow
[13авг.2026 22:22:23.010] [main/INFO] [mixin/]: Mixing PersistentProjectileEntityMixin from pehkui.mixins.json into net.minecraft.world.entity.projectile.AbstractArrow
[13авг.2026 22:22:23.010] [main/INFO] [mixin/]: Mixing compat116plus.PersistentProjectileEntityMixin from pehkui.mixins.json into net.minecraft.world.entity.projectile.AbstractArrow
[13авг.2026 22:22:23.011] [main/INFO] [mixin/]: Mixing compat1202minus.PersistentProjectileEntityMixin from pehkui.mixins.json into net.minecraft.world.entity.projectile.AbstractArrow
[13авг.2026 22:22:23.050] [main/INFO] [mixin/]: Mixing compat116plus.ProjectileEntityMixin from pehkui.mixins.json into net.minecraft.world.entity.projectile.Projectile
[13авг.2026 22:22:23.087] [main/INFO] [mixin/]: Mixing MobEntityMixin from pehkui.mixins.json into net.minecraft.world.entity.Mob
[13авг.2026 22:22:23.087] [main/INFO] [mixin/]: Mixing compat116plus.MobEntityMixin from pehkui.mixins.json into net.minecraft.world.entity.Mob
[13авг.2026 22:22:23.126] [main/INFO] [mixin/]: Mixing compat1201minus.EntityVehicleHeightOffsetMixin from pehkui.mixins.json into net.minecraft.world.entity.monster.Silverfish
[13авг.2026 22:22:23.165] [main/DEBUG] [net.minecraftforge.coremod.transformer.CoreModBaseTransformer/COREMOD]: Transforming net/minecraft/world/item/ItemStack
[13авг.2026 22:22:23.166] [main/INFO] [mixin/]: Mixing ItemStackMixin from mixins.irons_spellbooks.json into net.minecraft.world.item.ItemStack
[13авг.2026 22:22:23.167] [main/INFO] [mixin/]: Mixing ItemStackMixin from bettercombat.mixins.json into net.minecraft.world.item.ItemStack
[13авг.2026 22:22:23.177] [main/INFO] [mixin/]: Mixing IItemExtensionMixin from mixins.irons_spellbooks.json into net.minecraftforge.common.extensions.IForgeItemStack
[13авг.2026 22:22:23.230] [main/INFO] [mixin/]: Mixing WitherEntityMixin from pehkui.mixins.json into net.minecraft.world.entity.boss.wither.WitherBoss
[13авг.2026 22:22:23.251] [main/INFO] [mixin/]: Mixing AnvilScreenHandlerMixin from puffish_attributes.mixins.json into net.minecraft.world.inventory.AnvilMenu
[13авг.2026 22:22:23.263] [main/INFO] [mixin/]: Mixing compat116plus.ForgingScreenHandlerMixin from pehkui.mixins.json into net.minecraft.world.inventory.ItemCombinerMenu
[13авг.2026 22:22:23.263] [main/INFO] [mixin/]: Mixing reach.compat116plus.ForgingScreenHandlerMixin from pehkui.mixins.json into net.minecraft.world.inventory.ItemCombinerMenu
[13авг.2026 22:22:23.354] [main/INFO] [mixin/]: Mixing compat116plus.AnimalEntityMixin from pehkui.mixins.json into net.minecraft.world.entity.animal.Animal
[13авг.2026 22:22:23.355] [main/INFO] [mixin/]: Mixing compat1201minus.EntityVehicleHeightOffsetMixin from pehkui.mixins.json into net.minecraft.world.entity.animal.Animal
[13авг.2026 22:22:23.370] [main/INFO] [mixin/]: Mixing compat120plus.compat1201minus.SnifferEntityMixin from pehkui.mixins.json into net.minecraft.world.entity.animal.sniffer.Sniffer
[13авг.2026 22:22:23.503] [main/INFO] [mixin/]: Mixing LecternBlockEntityMixin from mixins.irons_spellbooks.json into net.minecraft.world.level.block.entity.LecternBlockEntity
[13авг.2026 22:22:23.637] [main/DEBUG] [net.minecraftforge.coremod.transformer.CoreModBaseTransformer/COREMOD]: Transforming net/minecraft/world/entity/animal/frog/Tadpole
[13авг.2026 22:22:23.656] [main/INFO] [mixin/]: Mixing FlintAnSteelItemMixin from mixins.irons_spellbooks.json into net.minecraft.world.item.FlintAndSteelItem
[13авг.2026 22:22:23.656] [main/INFO] [mixin/]: Renaming synthetic method lambda$useOn$0(Lnet/minecraft/world/item/context/UseOnContext;Lnet/minecraft/world/entity/player/Player;)V to md574228$lambda$useOn$0$0 in mixins.irons_spellbooks.json:FlintAnSteelItemMixin
[13авг.2026 22:22:23.669] [main/INFO] [mixin/]: Mixing BowItemMixin from puffish_attributes.mixins.json into net.minecraft.world.item.BowItem
[13авг.2026 22:22:23.681] [main/INFO] [mixin/]: Mixing RangedWeaponItemMixin from bettercombat.mixins.json into net.minecraft.world.item.ProjectileWeaponItem
[13авг.2026 22:22:23.699] [main/DEBUG] [net.minecraftforge.coremod.transformer.CoreModBaseTransformer/COREMOD]: Transforming net/minecraft/world/item/BucketItem
[13авг.2026 22:22:23.709] [main/INFO] [mixin/]: Mixing MixinShearsItem from curios.mixins.json into net.minecraft.world.item.ShearsItem
[13авг.2026 22:22:23.724] [main/INFO] [mixin/]: Mixing compat116plus.SpawnEggItemMixin from pehkui.mixins.json into net.minecraft.world.item.SpawnEggItem
[13авг.2026 22:22:23.724] [main/INFO] [mixin/]: Renaming synthetic method lambda$pehkui$spawnBaby$0(Lnet/minecraft/world/entity/Mob;Lnet/minecraft/world/entity/Mob;)V to md574228$lambda$pehkui$spawnBaby$0$0 in pehkui.mixins.json:compat116plus.SpawnEggItemMixin
[13авг.2026 22:22:23.741] [main/INFO] [mixin/]: Mixing TridentItemMixin from mixins.irons_spellbooks.json into net.minecraft.world.item.TridentItem
[13авг.2026 22:22:23.749] [main/INFO] [mixin/]: Mixing CrossbowItemMixin from pehkui.mixins.json into net.minecraft.world.item.CrossbowItem
[13авг.2026 22:22:23.750] [main/INFO] [mixin/]: Mixing CrossbowItemMixin from puffish_attributes.mixins.json into net.minecraft.world.item.CrossbowItem
[13авг.2026 22:22:23.771] [main/INFO] [mixin/]: Mixing compat120plus.compat1202minus.BrushItemMixin from pehkui.mixins.json into net.minecraft.world.item.BrushItem
[13авг.2026 22:22:23.805] [main/INFO] [mixin/]: Mixing PreEntityTickMixin from pehkui.mixins.json into net.minecraft.world.entity.vehicle.AbstractMinecart
[13авг.2026 22:22:23.826] [main/INFO] [mixin/]: Mixing AbstractDecorationEntityMixin from pehkui.mixins.json into net.minecraft.world.entity.decoration.HangingEntity
[13авг.2026 22:22:23.827] [main/INFO] [mixin/]: Mixing PreEntityTickMixin from pehkui.mixins.json into net.minecraft.world.entity.decoration.HangingEntity
[13авг.2026 22:22:24.053] [main/INFO] [mixin/]: Mixing compat116plus.NbtCompoundMixin from pehkui.mixins.json into net.minecraft.nbt.CompoundTag
[13авг.2026 22:22:24.313] [main/INFO] [mixin/]: Mixing AreaEffectCloudEntityMixin from pehkui.mixins.json into net.minecraft.world.entity.AreaEffectCloud
[13авг.2026 22:22:24.329] [main/INFO] [mixin/]: Mixing ArmorStandAccessor from irons_lib.mixins.json into net.minecraft.world.entity.decoration.ArmorStand
[13авг.2026 22:22:24.333] [main/INFO] [mixin/]: Mixing ClientArmorStandMixin from irons_lib.mixins.json into net.minecraft.world.entity.decoration.ArmorStand
[13авг.2026 22:22:24.334] [main/INFO] [mixin/]: Mixing ArmorStandEntityMixin from pehkui.mixins.json into net.minecraft.world.entity.decoration.ArmorStand
[13авг.2026 22:22:24.335] [main/INFO] [mixin/]: Mixing compat1201minus.EntityVehicleHeightOffsetMixin from pehkui.mixins.json into net.minecraft.world.entity.decoration.ArmorStand
[13авг.2026 22:22:24.360] [main/INFO] [mixin/]: Mixing compat117plus.compat1201minus.AxolotlEntityMixin from pehkui.mixins.json into net.minecraft.world.entity.animal.axolotl.Axolotl
[13авг.2026 22:22:24.372] [main/INFO] [mixin/]: Mixing ExperienceOrbEntityMixin from puffish_attributes.mixins.json into net.minecraft.world.entity.ExperienceOrb
[13авг.2026 22:22:24.395] [main/INFO] [mixin/]: Mixing TrackTargetGoalMixin from pehkui.mixins.json into net.minecraft.world.entity.ai.goal.target.TargetGoal
[13авг.2026 22:22:24.406] [main/INFO] [mixin/]: Mixing BlazeEntityShootFireballGoalMixin from pehkui.mixins.json into net.minecraft.world.entity.monster.Blaze$BlazeAttackGoal
[13авг.2026 22:22:24.422] [main/INFO] [mixin/]: Mixing BoatEntityMixin from pehkui.mixins.json into net.minecraft.world.entity.vehicle.Boat
[13авг.2026 22:22:24.424] [main/INFO] [mixin/]: Mixing compat1201minus.EntityMountedHeightOffsetMixin from pehkui.mixins.json into net.minecraft.world.entity.vehicle.Boat
[13авг.2026 22:22:24.424] [main/INFO] [mixin/]: Mixing compat120plus.compat1201minus.BoatEntityMixin from pehkui.mixins.json into net.minecraft.world.entity.vehicle.Boat
[13авг.2026 22:22:24.468] [main/INFO] [mixin/]: Mixing compat1193plus.CamelEntityMixin from pehkui.mixins.json into net.minecraft.world.entity.animal.camel.Camel
[13авг.2026 22:22:24.469] [main/INFO] [mixin/]: Mixing compat1193plus.compat1201minus.CamelEntityMixin from pehkui.mixins.json into net.minecraft.world.entity.animal.camel.Camel
[13авг.2026 22:22:24.469] [main/INFO] [mixin/]: Mixing compat120plus.compat1201minus.CamelEntityMixin from pehkui.mixins.json into net.minecraft.world.entity.animal.camel.Camel
[13авг.2026 22:22:24.493] [main/INFO] [mixin/]: Mixing compat120plus.compat1201minus.AbstractHorseEntityMixin from pehkui.mixins.json into net.minecraft.world.entity.animal.horse.AbstractHorse
[13авг.2026 22:22:24.520] [main/DEBUG] [net.minecraftforge.coremod.transformer.CoreModBaseTransformer/COREMOD]: Transforming net/minecraft/world/entity/monster/Spider
[13авг.2026 22:22:24.530] [main/INFO] [mixin/]: Mixing compat1201minus.EntityVehicleHeightOffsetMixin from pehkui.mixins.json into net.minecraft.world.entity.monster.AbstractSkeleton
[13авг.2026 22:22:24.536] [main/INFO] [mixin/]: Mixing compat119plus.ChestBoatEntityMixin from pehkui.mixins.json into net.minecraft.world.entity.vehicle.ChestBoat
[13авг.2026 22:22:24.536] [main/INFO] [mixin/]: Mixing reach.compat119plus.ChestBoatEntityMixin from pehkui.mixins.json into net.minecraft.world.entity.vehicle.ChestBoat
[13авг.2026 22:22:24.551] [main/INFO] [mixin/]: Mixing reach.compat119plus.StorageMinecartEntityMixin from pehkui.mixins.json into net.minecraft.world.entity.vehicle.AbstractMinecartContainer
[13авг.2026 22:22:24.564] [main/INFO] [mixin/]: Mixing compat120plus.compat1201minus.ChickenEntityMixin from pehkui.mixins.json into net.minecraft.world.entity.animal.Chicken
[13авг.2026 22:22:24.579] [main/INFO] [mixin/]: Mixing CreeperMixin from mixins.irons_spellbooks.json into net.minecraft.world.entity.monster.Creeper
[13авг.2026 22:22:24.592] [main/INFO] [mixin/]: Mixing compat1201minus.AbstractDonkeyEntityMixin from pehkui.mixins.json into net.minecraft.world.entity.animal.horse.AbstractChestedHorse
[13авг.2026 22:22:24.601] [main/INFO] [mixin/]: Mixing compat116plus.DragonFireballEntityMixin from pehkui.mixins.json into net.minecraft.world.entity.projectile.DragonFireball
[13авг.2026 22:22:24.609] [main/INFO] [mixin/]: Mixing ExplosiveProjectileEntityMixin from pehkui.mixins.json into net.minecraft.world.entity.projectile.AbstractHurtingProjectile
[13авг.2026 22:22:24.618] [main/DEBUG] [net.minecraftforge.coremod.transformer.CoreModBaseTransformer/COREMOD]: Transforming net/minecraft/world/entity/monster/Zombie
[13авг.2026 22:22:24.641] [main/INFO] [mixin/]: Mixing compat1201minus.EntityVehicleHeightOffsetMixin from pehkui.mixins.json into net.minecraft.world.entity.monster.Zombie
[13авг.2026 22:22:24.646] [main/DEBUG] [net.minecraftforge.coremod.transformer.CoreModBaseTransformer/COREMOD]: Transforming net/minecraft/world/entity/monster/ZombieVillager
[13авг.2026 22:22:24.666] [main/INFO] [mixin/]: Mixing compat116plus.EggEntityMixin from pehkui.mixins.json into net.minecraft.world.entity.projectile.ThrownEgg
[13авг.2026 22:22:24.677] [main/INFO] [mixin/]: Mixing ThrownEntityMixin from pehkui.mixins.json into net.minecraft.world.entity.projectile.ThrowableProjectile
[13авг.2026 22:22:24.698] [main/INFO] [mixin/]: Mixing PreEntityTickMixin from pehkui.mixins.json into net.minecraft.world.entity.boss.enderdragon.EndCrystal
[13авг.2026 22:22:24.698] [main/INFO] [mixin/]: Mixing compat1193plus.compat1202minus.EndCrystalEntityMixin from pehkui.mixins.json into net.minecraft.world.entity.boss.enderdragon.EndCrystal
[13авг.2026 22:22:24.713] [main/INFO] [mixin/]: Mixing EnderDragonEntityMixin from pehkui.mixins.json into net.minecraft.world.entity.boss.enderdragon.EnderDragon
[13авг.2026 22:22:24.730] [main/INFO] [mixin/]: Mixing compat116plus.EnderPearlEntityMixin from pehkui.mixins.json into net.minecraft.world.entity.projectile.ThrownEnderpearl
[13авг.2026 22:22:24.743] [main/INFO] [mixin/]: Mixing compat1201minus.EntityVehicleHeightOffsetMixin from pehkui.mixins.json into net.minecraft.world.entity.monster.Endermite
[13авг.2026 22:22:24.751] [main/INFO] [mixin/]: Mixing compat1201minus.EntityVehicleHeightOffsetMixin from pehkui.mixins.json into net.minecraft.world.entity.monster.PatrollingMonster
[13авг.2026 22:22:24.757] [main/DEBUG] [net.minecraftforge.coremod.transformer.CoreModBaseTransformer/COREMOD]: Transforming net/minecraft/world/entity/monster/Evoker$EvokerSummonSpellGoal
[13авг.2026 22:22:24.759] [main/INFO] [mixin/]: Mixing compat116plus.SummonVexGoalMixin from pehkui.mixins.json into net.minecraft.world.entity.monster.Evoker$EvokerSummonSpellGoal
[13авг.2026 22:22:24.772] [main/INFO] [mixin/]: Mixing EvokerFangsEntityMixin from pehkui.mixins.json into net.minecraft.world.entity.projectile.EvokerFangs
[13авг.2026 22:22:24.790] [main/INFO] [mixin/]: Mixing compat116plus.FoxEntityMateGoalMixin from pehkui.mixins.json into net.minecraft.world.entity.animal.Fox$FoxBreedGoal
[13авг.2026 22:22:24.810] [main/INFO] [mixin/]: Mixing GhastEntityShootFireballGoalMixin from pehkui.mixins.json into net.minecraft.world.entity.monster.Ghast$GhastShootFireballGoal
[13авг.2026 22:22:24.823] [main/INFO] [mixin/]: Mixing ItemFrameEntityMixin from pehkui.mixins.json into net.minecraft.world.entity.decoration.ItemFrame
[13авг.2026 22:22:24.841] [main/INFO] [mixin/]: Mixing compat116plus.compat1201minus.HoglinEntityMixin from pehkui.mixins.json into net.minecraft.world.entity.monster.hoglin.Hoglin
[13авг.2026 22:22:24.849] [main/INFO] [mixin/]: Mixing compat116plus.compat1201minus.ZoglinEntityMixin from pehkui.mixins.json into net.minecraft.world.entity.monster.Zoglin
[13авг.2026 22:22:24.866] [main/INFO] [mixin/]: Mixing compat1193plus.FireballEntityMixin from pehkui.mixins.json into net.minecraft.world.entity.projectile.LargeFireball
[13авг.2026 22:22:24.879] [main/INFO] [mixin/]: Mixing compat120plus.compat1201minus.LlamaEntityMixin from pehkui.mixins.json into net.minecraft.world.entity.animal.horse.Llama
[13авг.2026 22:22:24.887] [main/INFO] [mixin/]: Mixing LlamaSpitEntityMixin from pehkui.mixins.json into net.minecraft.world.entity.projectile.LlamaSpit
[13авг.2026 22:22:24.897] [main/INFO] [mixin/]: Mixing compat117plus.SlimeEntityMixin from pehkui.mixins.json into net.minecraft.world.entity.monster.Slime
[13авг.2026 22:22:24.927] [main/INFO] [mixin/]: Mixing compat116plus.PigEntityMixin from pehkui.mixins.json into net.minecraft.world.entity.animal.Pig
[13авг.2026 22:22:24.953] [main/INFO] [mixin/]: Mixing PotionEntityMixin from pehkui.mixins.json into net.minecraft.world.entity.projectile.ThrownPotion
[13авг.2026 22:22:24.996] [main/INFO] [mixin/]: Mixing compat1201minus.EntityMountedHeightOffsetMixin from pehkui.mixins.json into net.minecraft.world.entity.monster.Ravager
[13авг.2026 22:22:25.006] [main/INFO] [mixin/]: Mixing ShulkerEntityMixin from pehkui.mixins.json into net.minecraft.world.entity.monster.Shulker
[13авг.2026 22:22:25.007] [main/INFO] [mixin/]: Mixing compat117plus.ShulkerEntityMixin from pehkui.mixins.json into net.minecraft.world.entity.monster.Shulker
[13авг.2026 22:22:25.029] [main/INFO] [mixin/]: Mixing compat1201minus.SkeletonHorseEntityMixin from pehkui.mixins.json into net.minecraft.world.entity.animal.horse.SkeletonHorse
[13авг.2026 22:22:25.036] [main/DEBUG] [net.minecraftforge.coremod.transformer.CoreModBaseTransformer/COREMOD]: Transforming net/minecraft/world/entity/animal/horse/SkeletonTrapGoal
[13авг.2026 22:22:25.048] [main/DEBUG] [net.minecraftforge.coremod.transformer.CoreModBaseTransformer/COREMOD]: Transforming net/minecraft/world/entity/monster/Strider
[13авг.2026 22:22:25.123] [main/DEBUG] [net.minecraftforge.coremod.transformer.CoreModBaseTransformer/COREMOD]: Transforming net/minecraft/world/entity/npc/Villager
[13авг.2026 22:22:25.179] [main/INFO] [mixin/]: Mixing compat116plus.VillagerEntityMixin from pehkui.mixins.json into net.minecraft.world.entity.npc.Villager
[13авг.2026 22:22:25.214] [main/INFO] [mixin/]: Mixing compat116plus.FishingBobberEntityMixin from pehkui.mixins.json into net.minecraft.world.entity.projectile.FishingHook
[13авг.2026 22:22:25.231] [main/DEBUG] [net.minecraftforge.coremod.transformer.CoreModBaseTransformer/COREMOD]: Transforming net/minecraft/world/effect/MobEffectInstance
[13авг.2026 22:22:25.256] [main/INFO] [mixin/]: Mixing ServerPlayNetworkHandlerMixin from pehkui.mixins.json into net.minecraft.server.network.ServerGamePacketListenerImpl
[13авг.2026 22:22:25.257] [main/INFO] [mixin/]: Mixing reach.compat119plus.ServerPlayNetworkHandlerMixin from pehkui.mixins.json into net.minecraft.server.network.ServerGamePacketListenerImpl
[13авг.2026 22:22:25.257] [main/INFO] [mixin/]: Mixing ServerPlayNetworkHandlerMixin from bettercombat.mixins.json into net.minecraft.server.network.ServerGamePacketListenerImpl
[13авг.2026 22:22:25.317] [main/INFO] [mixin/]: Mixing EntitySelectorOptionsInvoker from pehkui.mixins.json into net.minecraft.commands.arguments.selector.options.EntitySelectorOptions
[13авг.2026 22:22:25.318] [main/INFO] [mixin/]: Renaming @Invoker method callPutOption(Ljava/lang/String;Lnet/minecraft/commands/arguments/selector/options/EntitySelectorOptions$Modifier;Ljava/util/function/Predicate;Lnet/minecraft/network/chat/Component;)V to callPutOption_$md$574228$0 in pehkui.mixins.json:EntitySelectorOptionsInvoker
[13авг.2026 22:22:25.322] [main/INFO] [mixin/]: Mixing EntitySelectorOptionsMixin from pehkui.mixins.json into net.minecraft.commands.arguments.selector.options.EntitySelectorOptions
[13авг.2026 22:22:25.347] [main/INFO] [mixin/]: Mixing EntitySelectorReaderMixin from pehkui.mixins.json into net.minecraft.commands.arguments.selector.EntitySelectorParser
[13авг.2026 22:22:25.347] [main/INFO] [mixin/]: Renaming synthetic method lambda$pehkui$buildPredicate$1(Lvirtuoel/pehkui/api/ScaleType;Lnet/minecraft/world/entity/Entity;)Z to md574228$lambda$pehkui$buildPredicate$1$0 in pehkui.mixins.json:EntitySelectorReaderMixin
[13авг.2026 22:22:25.348] [main/INFO] [mixin/]: Renaming synthetic method lambda$pehkui$buildPredicate$0(Lvirtuoel/pehkui/api/ScaleType;Lnet/minecraft/world/entity/Entity;)Z to md574228$lambda$pehkui$buildPredicate$0$1 in pehkui.mixins.json:EntitySelectorReaderMixin
[13авг.2026 22:22:25.375] [main/INFO] [mixin/]: Mixing SweepingEnchantmentMixin from bettercombat.mixins.json into net.minecraft.world.item.enchantment.SweepingEdgeEnchantment
[13авг.2026 22:22:25.392] [main/INFO] [mixin/]: Mixing compat117plus.ViewerCountManagerMixin from pehkui.mixins.json into net.minecraft.world.level.block.entity.ContainerOpenersCounter
[13авг.2026 22:22:25.460] [main/INFO] [mixin/]: Mixing MixinInventory from curios.mixins.json into net.minecraft.world.entity.player.Inventory
[13авг.2026 22:22:25.461] [main/INFO] [mixin/]: Mixing PlayerInventoryMixin from puffish_attributes.mixins.json into net.minecraft.world.entity.player.Inventory
[13авг.2026 22:22:25.524] [main/INFO] [mixin/]: Mixing OperationArgumentTypeAccessor from pehkui.mixins.json into net.minecraft.commands.arguments.OperationArgument
[13авг.2026 22:22:25.524] [main/INFO] [mixin/]: Renaming @Accessor method getInvalidOperationException()Lcom/mojang/brigadier/exceptions/SimpleCommandExceptionType; to getInvalidOperationException_$md$574228$0 in pehkui.mixins.json:OperationArgumentTypeAccessor
[13авг.2026 22:22:25.528] [main/INFO] [mixin/]: Renaming @Accessor method getDivisionZeroException()Lcom/mojang/brigadier/exceptions/SimpleCommandExceptionType; to getDivisionZeroException_$md$574228$1 in pehkui.mixins.json:OperationArgumentTypeAccessor
[13авг.2026 22:22:25.574] [main/INFO] [mixin/]: Mixing ApplyBonusLootFunctionMixin from puffish_attributes.mixins.json into net.minecraft.world.level.storage.loot.functions.ApplyBonusCount
[13авг.2026 22:22:25.575] [main/INFO] [mixin/]: Mixing MixinApplyBonusCount from curios.mixins.json into net.minecraft.world.level.storage.loot.functions.ApplyBonusCount
[13авг.2026 22:22:25.792] [main/DEBUG] [net.minecraftforge.coremod.transformer.CoreModBaseTransformer/COREMOD]: Transforming net/minecraft/world/level/levelgen/structure/Structure
[13авг.2026 22:22:25.824] [main/DEBUG] [net.minecraftforge.coremod.transformer.CoreModBaseTransformer/COREMOD]: Transforming net/minecraft/world/level/levelgen/structure/structures/OceanRuinPieces$OceanRuinPiece
[13авг.2026 22:22:25.832] [main/DEBUG] [net.minecraftforge.coremod.transformer.CoreModBaseTransformer/COREMOD]: Transforming net/minecraft/world/level/levelgen/structure/structures/SwampHutPiece
[13авг.2026 22:22:25.838] [main/DEBUG] [net.minecraftforge.coremod.transformer.CoreModBaseTransformer/COREMOD]: Transforming net/minecraft/world/level/levelgen/structure/structures/OceanMonumentPieces$OceanMonumentPiece
[13авг.2026 22:22:25.850] [main/DEBUG] [net.minecraftforge.coremod.transformer.CoreModBaseTransformer/COREMOD]: Transforming net/minecraft/world/level/levelgen/structure/structures/WoodlandMansionPieces$WoodlandMansionPiece
[13авг.2026 22:22:25.923] [main/DEBUG] [net.minecraftforge.coremod.transformer.CoreModBaseTransformer/COREMOD]: Transforming net/minecraft/world/level/biome/Biome
[13авг.2026 22:22:25.962] [main/INFO] [mixin/]: Mixing NoiseChunkGeneratorMixin from mixins.irons_spellbooks.json into net.minecraft.world.level.levelgen.NoiseBasedChunkGenerator
[13авг.2026 22:22:25.963] [main/INFO] [mixin/]: Renaming synthetic method lambda$irons_spellbooks$detectAquifers$2(I)[Lnet/minecraft/world/level/levelgen/structure/BoundingBox; to md574228$lambda$irons_spellbooks$detectAquifers$2$0 in mixins.irons_spellbooks.json:NoiseChunkGeneratorMixin
[13авг.2026 22:22:25.963] [main/INFO] [mixin/]: Renaming synthetic method lambda$irons_spellbooks$detectAquifers$1(Lnet/minecraft/world/level/levelgen/structure/StructureStart;)Ljava/util/stream/Stream; to md574228$lambda$irons_spellbooks$detectAquifers$1$1 in mixins.irons_spellbooks.json:NoiseChunkGeneratorMixin
[13авг.2026 22:22:25.963] [main/INFO] [mixin/]: Renaming synthetic method lambda$irons_spellbooks$detectAquifers$0(Lnet/minecraft/world/level/StructureManager;Lnet/minecraft/world/level/levelgen/structure/Structure;)Z to md574228$lambda$irons_spellbooks$detectAquifers$0$2 in mixins.irons_spellbooks.json:NoiseChunkGeneratorMixin
[13авг.2026 22:22:25.967] [main/DEBUG] [net.minecraftforge.coremod.transformer.CoreModBaseTransformer/COREMOD]: Transforming net/minecraft/world/level/levelgen/structure/Structure
[13авг.2026 22:22:26.076] [main/DEBUG] [net.minecraftforge.registries.GameData/REGISTRIES]: Creating vanilla freeze snapshot
[13авг.2026 22:22:26.077] [main/DEBUG] [net.minecraftforge.registries.ForgeRegistry/REGISTRIES]: Registry minecraft:block Sync: VANILLA -> ACTIVE
[13авг.2026 22:22:26.088] [main/DEBUG] [net.minecraftforge.registries.ForgeRegistry/REGISTRIES]: Registry minecraft:fluid Sync: VANILLA -> ACTIVE
[13авг.2026 22:22:26.088] [main/DEBUG] [net.minecraftforge.registries.ForgeRegistry/REGISTRIES]: Registry minecraft:item Sync: VANILLA -> ACTIVE
[13авг.2026 22:22:26.098] [main/DEBUG] [net.minecraftforge.registries.ForgeRegistry/REGISTRIES]: Registry minecraft:mob_effect Sync: VANILLA -> ACTIVE
[13авг.2026 22:22:26.098] [main/DEBUG] [net.minecraftforge.registries.ForgeRegistry/REGISTRIES]: Registry minecraft:sound_event Sync: VANILLA -> ACTIVE
[13авг.2026 22:22:26.112] [main/DEBUG] [net.minecraftforge.registries.ForgeRegistry/REGISTRIES]: Registry minecraft:potion Sync: VANILLA -> ACTIVE
[13авг.2026 22:22:26.112] [main/DEBUG] [net.minecraftforge.registries.ForgeRegistry/REGISTRIES]: Registry minecraft:enchantment Sync: VANILLA -> ACTIVE
[13авг.2026 22:22:26.112] [main/DEBUG] [net.minecraftforge.registries.ForgeRegistry/REGISTRIES]: Registry minecraft:entity_type Sync: VANILLA -> ACTIVE
[13авг.2026 22:22:26.113] [main/DEBUG] [net.minecraftforge.registries.ForgeRegistry/REGISTRIES]: Registry minecraft:block_entity_type Sync: VANILLA -> ACTIVE
[13авг.2026 22:22:26.113] [main/DEBUG] [net.minecraftforge.registries.ForgeRegistry/REGISTRIES]: Registry minecraft:particle_type Sync: VANILLA -> ACTIVE
[13авг.2026 22:22:26.114] [main/DEBUG] [net.minecraftforge.registries.ForgeRegistry/REGISTRIES]: Registry minecraft:menu Sync: VANILLA -> ACTIVE
[13авг.2026 22:22:26.114] [main/DEBUG] [net.minecraftforge.registries.ForgeRegistry/REGISTRIES]: Registry minecraft:painting_variant Sync: VANILLA -> ACTIVE
[13авг.2026 22:22:26.115] [main/DEBUG] [net.minecraftforge.registries.ForgeRegistry/REGISTRIES]: Registry minecraft:recipe_type Sync: VANILLA -> ACTIVE
[13авг.2026 22:22:26.115] [main/DEBUG] [net.minecraftforge.registries.ForgeRegistry/REGISTRIES]: Registry minecraft:recipe_serializer Sync: VANILLA -> ACTIVE
[13авг.2026 22:22:26.115] [main/DEBUG] [net.minecraftforge.registries.ForgeRegistry/REGISTRIES]: Registry minecraft:attribute Sync: VANILLA -> ACTIVE
[13авг.2026 22:22:26.115] [main/DEBUG] [net.minecraftforge.registries.ForgeRegistry/REGISTRIES]: Registry minecraft:stat_type Sync: VANILLA -> ACTIVE
[13авг.2026 22:22:26.115] [main/DEBUG] [net.minecraftforge.registries.ForgeRegistry/REGISTRIES]: Registry minecraft:command_argument_type Sync: VANILLA -> ACTIVE
[13авг.2026 22:22:26.116] [main/DEBUG] [net.minecraftforge.registries.ForgeRegistry/REGISTRIES]: Registry minecraft:villager_profession Sync: VANILLA -> ACTIVE
[13авг.2026 22:22:26.116] [main/DEBUG] [net.minecraftforge.registries.ForgeRegistry/REGISTRIES]: Registry minecraft:point_of_interest_type Sync: VANILLA -> ACTIVE
[13авг.2026 22:22:26.117] [main/DEBUG] [net.minecraftforge.registries.ForgeRegistry/REGISTRIES]: Registry minecraft:memory_module_type Sync: VANILLA -> ACTIVE
[13авг.2026 22:22:26.118] [main/DEBUG] [net.minecraftforge.registries.ForgeRegistry/REGISTRIES]: Registry minecraft:sensor_type Sync: VANILLA -> ACTIVE
[13авг.2026 22:22:26.118] [main/DEBUG] [net.minecraftforge.registries.ForgeRegistry/REGISTRIES]: Registry minecraft:schedule Sync: VANILLA -> ACTIVE
[13авг.2026 22:22:26.119] [main/DEBUG] [net.minecraftforge.registries.ForgeRegistry/REGISTRIES]: Registry minecraft:activity Sync: VANILLA -> ACTIVE
[13авг.2026 22:22:26.119] [main/DEBUG] [net.minecraftforge.registries.ForgeRegistry/REGISTRIES]: Registry minecraft:worldgen/carver Sync: VANILLA -> ACTIVE
[13авг.2026 22:22:26.119] [main/DEBUG] [net.minecraftforge.registries.ForgeRegistry/REGISTRIES]: Registry minecraft:worldgen/feature Sync: VANILLA -> ACTIVE
[13авг.2026 22:22:26.119] [main/DEBUG] [net.minecraftforge.registries.ForgeRegistry/REGISTRIES]: Registry minecraft:chunk_status Sync: VANILLA -> ACTIVE
[13авг.2026 22:22:26.119] [main/DEBUG] [net.minecraftforge.registries.ForgeRegistry/REGISTRIES]: Registry minecraft:worldgen/block_state_provider_type Sync: VANILLA -> ACTIVE
[13авг.2026 22:22:26.120] [main/DEBUG] [net.minecraftforge.registries.ForgeRegistry/REGISTRIES]: Registry minecraft:worldgen/foliage_placer_type Sync: VANILLA -> ACTIVE
[13авг.2026 22:22:26.120] [main/DEBUG] [net.minecraftforge.registries.ForgeRegistry/REGISTRIES]: Registry minecraft:worldgen/tree_decorator_type Sync: VANILLA -> ACTIVE
[13авг.2026 22:22:26.120] [main/DEBUG] [net.minecraftforge.registries.ForgeRegistry/REGISTRIES]: Registry minecraft:worldgen/biome Sync: VANILLA -> ACTIVE
[13авг.2026 22:22:26.123] [main/DEBUG] [net.minecraftforge.registries.GameData/REGISTRIES]: Vanilla freeze snapshot created
[13авг.2026 22:22:26.137] [main/DEBUG] [io.netty.util.internal.PlatformDependent0/]: -Dio.netty.noUnsafe: false
[13авг.2026 22:22:26.137] [main/DEBUG] [io.netty.util.internal.PlatformDependent0/]: Java version: 17
[13авг.2026 22:22:26.137] [main/DEBUG] [io.netty.util.internal.PlatformDependent0/]: sun.misc.Unsafe.theUnsafe: available
[13авг.2026 22:22:26.138] [main/DEBUG] [io.netty.util.internal.PlatformDependent0/]: sun.misc.Unsafe.copyMemory: available
[13авг.2026 22:22:26.138] [main/DEBUG] [io.netty.util.internal.PlatformDependent0/]: sun.misc.Unsafe.storeFence: available
[13авг.2026 22:22:26.138] [main/DEBUG] [io.netty.util.internal.PlatformDependent0/]: java.nio.Buffer.address: available
[13авг.2026 22:22:26.138] [main/DEBUG] [io.netty.util.internal.PlatformDependent0/]: direct buffer constructor: unavailable
java.lang.UnsupportedOperationException: Reflective setAccessible(true) disabled
	at io.netty.util.internal.ReflectionUtil.trySetAccessible(ReflectionUtil.java:31) ~[netty-common-4.1.82.Final.jar:4.1.82.Final]
	at io.netty.util.internal.PlatformDependent0$5.run(PlatformDependent0.java:288) ~[netty-common-4.1.82.Final.jar:4.1.82.Final]
	at java.security.AccessController.doPrivileged(AccessController.java:318) ~[?:?]
	at io.netty.util.internal.PlatformDependent0.<clinit>(PlatformDependent0.java:282) ~[netty-common-4.1.82.Final.jar:4.1.82.Final]
	at io.netty.util.internal.PlatformDependent.isAndroid(PlatformDependent.java:333) ~[netty-common-4.1.82.Final.jar:4.1.82.Final]
	at io.netty.util.internal.PlatformDependent.<clinit>(PlatformDependent.java:88) ~[netty-common-4.1.82.Final.jar:4.1.82.Final]
	at io.netty.util.ConstantPool.<init>(ConstantPool.java:34) ~[netty-common-4.1.82.Final.jar:4.1.82.Final]
	at io.netty.util.AttributeKey$1.<init>(AttributeKey.java:27) ~[netty-common-4.1.82.Final.jar:4.1.82.Final]
	at io.netty.util.AttributeKey.<clinit>(AttributeKey.java:27) ~[netty-common-4.1.82.Final.jar:4.1.82.Final]
	at net.minecraftforge.network.NetworkConstants.<clinit>(NetworkConstants.java:34) ~[forge-1.20.1-47.4.0_mapped_parchment_2023.09.03-1.20.1-recomp.jar:?]
	at net.minecraftforge.network.NetworkHooks.init(NetworkHooks.java:52) ~[forge-1.20.1-47.4.0_mapped_parchment_2023.09.03-1.20.1-recomp.jar:?]
	at net.minecraft.server.Bootstrap.bootStrap(Bootstrap.java:66) ~[forge-1.20.1-47.4.0_mapped_parchment_2023.09.03-1.20.1-recomp.jar:?]
	at net.minecraftforge.data.loading.DatagenModLoader.begin(DatagenModLoader.java:42) ~[forge-1.20.1-47.4.0_mapped_parchment_2023.09.03-1.20.1-recomp.jar:?]
	at net.minecraft.data.Main.main(Main.java:90) ~[forge-1.20.1-47.4.0_mapped_parchment_2023.09.03-1.20.1-recomp.jar:?]
	at jdk.internal.reflect.NativeMethodAccessorImpl.invoke0(Native Method) ~[?:?]
	at jdk.internal.reflect.NativeMethodAccessorImpl.invoke(NativeMethodAccessorImpl.java:77) ~[?:?]
	at jdk.internal.reflect.DelegatingMethodAccessorImpl.invoke(DelegatingMethodAccessorImpl.java:43) ~[?:?]
	at java.lang.reflect.Method.invoke(Method.java:568) ~[?:?]
	at net.minecraftforge.fml.loading.targets.CommonLaunchHandler.runTarget(CommonLaunchHandler.java:111) ~[fmlloader-1.20.1-47.4.0.jar:?]
	at net.minecraftforge.fml.loading.targets.CommonLaunchHandler.dataService(CommonLaunchHandler.java:107) ~[fmlloader-1.20.1-47.4.0.jar:?]
	at net.minecraftforge.fml.loading.targets.ForgeDataUserdevLaunchHandler.devService(ForgeDataUserdevLaunchHandler.java:22) ~[fmlloader-1.20.1-47.4.0.jar:?]
	at net.minecraftforge.fml.loading.targets.CommonDevLaunchHandler.lambda$makeService$7(CommonDevLaunchHandler.java:135) ~[fmlloader-1.20.1-47.4.0.jar:?]
	at cpw.mods.modlauncher.LaunchServiceHandlerDecorator.launch(LaunchServiceHandlerDecorator.java:30) ~[modlauncher-10.0.9.jar:?]
	at cpw.mods.modlauncher.LaunchServiceHandler.launch(LaunchServiceHandler.java:53) ~[modlauncher-10.0.9.jar:?]
	at cpw.mods.modlauncher.LaunchServiceHandler.launch(LaunchServiceHandler.java:71) ~[modlauncher-10.0.9.jar:?]
	at cpw.mods.modlauncher.Launcher.run(Launcher.java:108) ~[modlauncher-10.0.9.jar:?]
	at cpw.mods.modlauncher.Launcher.main(Launcher.java:78) ~[modlauncher-10.0.9.jar:?]
	at cpw.mods.modlauncher.BootstrapLaunchConsumer.accept(BootstrapLaunchConsumer.java:26) ~[modlauncher-10.0.9.jar:?]
	at cpw.mods.modlauncher.BootstrapLaunchConsumer.accept(BootstrapLaunchConsumer.java:23) ~[modlauncher-10.0.9.jar:?]
	at cpw.mods.bootstraplauncher.BootstrapLauncher.main(BootstrapLauncher.java:141) ~[bootstraplauncher-1.1.2.jar:?]
[13авг.2026 22:22:26.161] [main/DEBUG] [io.netty.util.internal.PlatformDependent0/]: java.nio.Bits.unaligned: available, true
[13авг.2026 22:22:26.162] [main/DEBUG] [io.netty.util.internal.PlatformDependent0/]: jdk.internal.misc.Unsafe.allocateUninitializedArray(int): unavailable
java.lang.IllegalAccessException: class io.netty.util.internal.PlatformDependent0$7 (in module io.netty.common) cannot access class jdk.internal.misc.Unsafe (in module java.base) because module java.base does not export jdk.internal.misc to module io.netty.common
	at jdk.internal.reflect.Reflection.newIllegalAccessException(Reflection.java:392) ~[?:?]
	at java.lang.reflect.AccessibleObject.checkAccess(AccessibleObject.java:674) ~[?:?]
	at java.lang.reflect.Method.invoke(Method.java:560) ~[?:?]
	at io.netty.util.internal.PlatformDependent0$7.run(PlatformDependent0.java:410) ~[netty-common-4.1.82.Final.jar:4.1.82.Final]
	at java.security.AccessController.doPrivileged(AccessController.java:318) ~[?:?]
	at io.netty.util.internal.PlatformDependent0.<clinit>(PlatformDependent0.java:401) ~[netty-common-4.1.82.Final.jar:4.1.82.Final]
	at io.netty.util.internal.PlatformDependent.isAndroid(PlatformDependent.java:333) ~[netty-common-4.1.82.Final.jar:4.1.82.Final]
	at io.netty.util.internal.PlatformDependent.<clinit>(PlatformDependent.java:88) ~[netty-common-4.1.82.Final.jar:4.1.82.Final]
	at io.netty.util.ConstantPool.<init>(ConstantPool.java:34) ~[netty-common-4.1.82.Final.jar:4.1.82.Final]
	at io.netty.util.AttributeKey$1.<init>(AttributeKey.java:27) ~[netty-common-4.1.82.Final.jar:4.1.82.Final]
	at io.netty.util.AttributeKey.<clinit>(AttributeKey.java:27) ~[netty-common-4.1.82.Final.jar:4.1.82.Final]
	at net.minecraftforge.network.NetworkConstants.<clinit>(NetworkConstants.java:34) ~[forge-1.20.1-47.4.0_mapped_parchment_2023.09.03-1.20.1-recomp.jar:?]
	at net.minecraftforge.network.NetworkHooks.init(NetworkHooks.java:52) ~[forge-1.20.1-47.4.0_mapped_parchment_2023.09.03-1.20.1-recomp.jar:?]
	at net.minecraft.server.Bootstrap.bootStrap(Bootstrap.java:66) ~[forge-1.20.1-47.4.0_mapped_parchment_2023.09.03-1.20.1-recomp.jar:?]
	at net.minecraftforge.data.loading.DatagenModLoader.begin(DatagenModLoader.java:42) ~[forge-1.20.1-47.4.0_mapped_parchment_2023.09.03-1.20.1-recomp.jar:?]
	at net.minecraft.data.Main.main(Main.java:90) ~[forge-1.20.1-47.4.0_mapped_parchment_2023.09.03-1.20.1-recomp.jar:?]
	at jdk.internal.reflect.NativeMethodAccessorImpl.invoke0(Native Method) ~[?:?]
	at jdk.internal.reflect.NativeMethodAccessorImpl.invoke(NativeMethodAccessorImpl.java:77) ~[?:?]
	at jdk.internal.reflect.DelegatingMethodAccessorImpl.invoke(DelegatingMethodAccessorImpl.java:43) ~[?:?]
	at java.lang.reflect.Method.invoke(Method.java:568) ~[?:?]
	at net.minecraftforge.fml.loading.targets.CommonLaunchHandler.runTarget(CommonLaunchHandler.java:111) ~[fmlloader-1.20.1-47.4.0.jar:?]
	at net.minecraftforge.fml.loading.targets.CommonLaunchHandler.dataService(CommonLaunchHandler.java:107) ~[fmlloader-1.20.1-47.4.0.jar:?]
	at net.minecraftforge.fml.loading.targets.ForgeDataUserdevLaunchHandler.devService(ForgeDataUserdevLaunchHandler.java:22) ~[fmlloader-1.20.1-47.4.0.jar:?]
	at net.minecraftforge.fml.loading.targets.CommonDevLaunchHandler.lambda$makeService$7(CommonDevLaunchHandler.java:135) ~[fmlloader-1.20.1-47.4.0.jar:?]
	at cpw.mods.modlauncher.LaunchServiceHandlerDecorator.launch(LaunchServiceHandlerDecorator.java:30) ~[modlauncher-10.0.9.jar:?]
	at cpw.mods.modlauncher.LaunchServiceHandler.launch(LaunchServiceHandler.java:53) ~[modlauncher-10.0.9.jar:?]
	at cpw.mods.modlauncher.LaunchServiceHandler.launch(LaunchServiceHandler.java:71) ~[modlauncher-10.0.9.jar:?]
	at cpw.mods.modlauncher.Launcher.run(Launcher.java:108) ~[modlauncher-10.0.9.jar:?]
	at cpw.mods.modlauncher.Launcher.main(Launcher.java:78) ~[modlauncher-10.0.9.jar:?]
	at cpw.mods.modlauncher.BootstrapLaunchConsumer.accept(BootstrapLaunchConsumer.java:26) ~[modlauncher-10.0.9.jar:?]
	at cpw.mods.modlauncher.BootstrapLaunchConsumer.accept(BootstrapLaunchConsumer.java:23) ~[modlauncher-10.0.9.jar:?]
	at cpw.mods.bootstraplauncher.BootstrapLauncher.main(BootstrapLauncher.java:141) ~[bootstraplauncher-1.1.2.jar:?]
[13авг.2026 22:22:26.164] [main/DEBUG] [io.netty.util.internal.PlatformDependent0/]: java.nio.DirectByteBuffer.<init>(long, int): unavailable
[13авг.2026 22:22:26.164] [main/DEBUG] [io.netty.util.internal.PlatformDependent/]: sun.misc.Unsafe: available
[13авг.2026 22:22:26.164] [main/DEBUG] [io.netty.util.internal.PlatformDependent/]: maxDirectMemory: 8564768768 bytes (maybe)
[13авг.2026 22:22:26.164] [main/DEBUG] [io.netty.util.internal.PlatformDependent/]: -Dio.netty.tmpdir: C:\Users\E8CA~1\AppData\Local\Temp (java.io.tmpdir)
[13авг.2026 22:22:26.165] [main/DEBUG] [io.netty.util.internal.PlatformDependent/]: -Dio.netty.bitMode: 64 (sun.arch.data.model)
[13авг.2026 22:22:26.165] [main/DEBUG] [io.netty.util.internal.PlatformDependent/]: Platform: Windows
[13авг.2026 22:22:26.165] [main/DEBUG] [io.netty.util.internal.PlatformDependent/]: -Dio.netty.maxDirectMemory: -1 bytes
[13авг.2026 22:22:26.165] [main/DEBUG] [io.netty.util.internal.PlatformDependent/]: -Dio.netty.uninitializedArrayAllocationThreshold: -1
[13авг.2026 22:22:26.166] [main/DEBUG] [io.netty.util.internal.CleanerJava9/]: java.nio.ByteBuffer.cleaner(): available
[13авг.2026 22:22:26.166] [main/DEBUG] [io.netty.util.internal.PlatformDependent/]: -Dio.netty.noPreferDirect: false
[13авг.2026 22:22:26.216] [main/DEBUG] [net.minecraftforge.network.NetworkHooks/]: Loading Network data for FML net version: FML3
[13авг.2026 22:22:26.229] [main/DEBUG] [net.minecraftforge.fml.ModWorkManager/LOADING]: Using 12 threads for parallel mod-loading
[13авг.2026 22:22:26.234] [main/DEBUG] [net.minecraftforge.fml.javafmlmod.FMLJavaModLanguageProvider/LOADING]: Loading FMLModContainer from classloader cpw.mods.modlauncher.TransformingClassLoader@7bd96822 - got cpw.mods.cl.ModuleClassLoader@27fde870
[13авг.2026 22:22:26.235] [main/DEBUG] [net.minecraftforge.fml.javafmlmod.FMLModContainer/LOADING]: Creating FMLModContainer instance for com.llamalad7.mixinextras.platform.forge.MixinExtrasMod
[13авг.2026 22:22:26.236] [main/DEBUG] [net.minecraftforge.fml.javafmlmod.FMLJavaModLanguageProvider/LOADING]: Loading FMLModContainer from classloader cpw.mods.modlauncher.TransformingClassLoader@7bd96822 - got cpw.mods.cl.ModuleClassLoader@27fde870
[13авг.2026 22:22:26.236] [main/DEBUG] [net.minecraftforge.fml.javafmlmod.FMLModContainer/LOADING]: Creating FMLModContainer instance for software.bernie.example.GeckoLibMod
[13авг.2026 22:22:26.237] [main/DEBUG] [net.minecraftforge.fml.javafmlmod.FMLJavaModLanguageProvider/LOADING]: Loading FMLModContainer from classloader cpw.mods.modlauncher.TransformingClassLoader@7bd96822 - got cpw.mods.cl.ModuleClassLoader@27fde870
[13авг.2026 22:22:26.237] [main/DEBUG] [net.minecraftforge.fml.javafmlmod.FMLModContainer/LOADING]: Creating FMLModContainer instance for dev.kosmx.playerAnim.forge.ForgeModInterface
[13авг.2026 22:22:26.237] [main/DEBUG] [net.minecraftforge.fml.javafmlmod.FMLJavaModLanguageProvider/LOADING]: Loading FMLModContainer from classloader cpw.mods.modlauncher.TransformingClassLoader@7bd96822 - got cpw.mods.cl.ModuleClassLoader@27fde870
[13авг.2026 22:22:26.237] [main/DEBUG] [net.minecraftforge.fml.javafmlmod.FMLModContainer/LOADING]: Creating FMLModContainer instance for io.redspace.ironsspellbooks.IronsSpellbooks
[13авг.2026 22:22:26.238] [main/DEBUG] [net.minecraftforge.fml.javafmlmod.FMLJavaModLanguageProvider/LOADING]: Loading FMLModContainer from classloader cpw.mods.modlauncher.TransformingClassLoader@7bd96822 - got cpw.mods.cl.ModuleClassLoader@27fde870
[13авг.2026 22:22:26.238] [main/DEBUG] [net.minecraftforge.fml.javafmlmod.FMLModContainer/LOADING]: Creating FMLModContainer instance for mezz.jei.forge.JustEnoughItems
[13авг.2026 22:22:26.238] [main/DEBUG] [net.minecraftforge.fml.javafmlmod.FMLJavaModLanguageProvider/LOADING]: Loading FMLModContainer from classloader cpw.mods.modlauncher.TransformingClassLoader@7bd96822 - got cpw.mods.cl.ModuleClassLoader@27fde870
[13авг.2026 22:22:26.238] [main/DEBUG] [net.minecraftforge.fml.javafmlmod.FMLModContainer/LOADING]: Creating FMLModContainer instance for io.redspace.ironslib.IronsLib
[13авг.2026 22:22:26.239] [main/DEBUG] [net.minecraftforge.fml.javafmlmod.FMLJavaModLanguageProvider/LOADING]: Loading FMLModContainer from classloader cpw.mods.modlauncher.TransformingClassLoader@7bd96822 - got cpw.mods.cl.ModuleClassLoader@27fde870
[13авг.2026 22:22:26.239] [main/DEBUG] [net.minecraftforge.fml.javafmlmod.FMLModContainer/LOADING]: Creating FMLModContainer instance for virtuoel.pehkui.Pehkui
[13авг.2026 22:22:26.239] [main/DEBUG] [net.minecraftforge.fml.javafmlmod.FMLJavaModLanguageProvider/LOADING]: Loading FMLModContainer from classloader cpw.mods.modlauncher.TransformingClassLoader@7bd96822 - got cpw.mods.cl.ModuleClassLoader@27fde870
[13авг.2026 22:22:26.239] [main/DEBUG] [net.minecraftforge.fml.javafmlmod.FMLModContainer/LOADING]: Creating FMLModContainer instance for me.shedaniel.clothconfig.ClothConfigForge
[13авг.2026 22:22:26.240] [main/DEBUG] [net.minecraftforge.fml.javafmlmod.FMLJavaModLanguageProvider/LOADING]: Loading FMLModContainer from classloader cpw.mods.modlauncher.TransformingClassLoader@7bd96822 - got cpw.mods.cl.ModuleClassLoader@27fde870
[13авг.2026 22:22:26.240] [main/DEBUG] [net.minecraftforge.fml.javafmlmod.FMLModContainer/LOADING]: Creating FMLModContainer instance for net.bettercombat.forge.BetterCombatForge
[13авг.2026 22:22:26.240] [main/DEBUG] [net.minecraftforge.fml.javafmlmod.FMLJavaModLanguageProvider/LOADING]: Loading FMLModContainer from classloader cpw.mods.modlauncher.TransformingClassLoader@7bd96822 - got cpw.mods.cl.ModuleClassLoader@27fde870
[13авг.2026 22:22:26.240] [main/DEBUG] [net.minecraftforge.fml.javafmlmod.FMLModContainer/LOADING]: Creating FMLModContainer instance for top.theillusivec4.caelus.Caelus
[13авг.2026 22:22:26.241] [main/DEBUG] [net.minecraftforge.fml.javafmlmod.FMLJavaModLanguageProvider/LOADING]: Loading FMLModContainer from classloader cpw.mods.modlauncher.TransformingClassLoader@7bd96822 - got cpw.mods.cl.ModuleClassLoader@27fde870
[13авг.2026 22:22:26.241] [main/DEBUG] [net.minecraftforge.fml.javafmlmod.FMLModContainer/LOADING]: Creating FMLModContainer instance for net.minecraftforge.common.ForgeMod
[13авг.2026 22:22:26.242] [main/DEBUG] [net.minecraftforge.fml.javafmlmod.FMLJavaModLanguageProvider/LOADING]: Loading FMLModContainer from classloader cpw.mods.modlauncher.TransformingClassLoader@7bd96822 - got cpw.mods.cl.ModuleClassLoader@27fde870
[13авг.2026 22:22:26.242] [main/DEBUG] [net.minecraftforge.fml.javafmlmod.FMLModContainer/LOADING]: Creating FMLModContainer instance for net.puffish.attributesmod.main.ForgeMain
[13авг.2026 22:22:26.243] [main/DEBUG] [net.minecraftforge.fml.javafmlmod.FMLJavaModLanguageProvider/LOADING]: Loading FMLModContainer from classloader cpw.mods.modlauncher.TransformingClassLoader@7bd96822 - got cpw.mods.cl.ModuleClassLoader@27fde870
[13авг.2026 22:22:26.243] [main/DEBUG] [net.minecraftforge.fml.javafmlmod.FMLModContainer/LOADING]: Creating FMLModContainer instance for top.theillusivec4.curios.Curios
[13авг.2026 22:22:26.244] [main/DEBUG] [net.minecraftforge.fml.javafmlmod.FMLJavaModLanguageProvider/LOADING]: Loading FMLModContainer from classloader cpw.mods.modlauncher.TransformingClassLoader@7bd96822 - got cpw.mods.cl.ModuleClassLoader@27fde870
[13авг.2026 22:22:26.244] [main/DEBUG] [net.minecraftforge.fml.javafmlmod.FMLModContainer/LOADING]: Creating FMLModContainer instance for net.chixozhmix.dnmmod.DnMmod
[13авг.2026 22:22:26.254] [modloading-worker-0/DEBUG] [net.minecraftforge.fml.javafmlmod.AutomaticEventSubscriber/LOADING]: Attempting to inject @EventBusSubscriber classes into the eventbus for mixinextras
[13авг.2026 22:22:26.254] [modloading-worker-0/DEBUG] [net.minecraftforge.fml.javafmlmod.AutomaticEventSubscriber/LOADING]: Attempting to inject @EventBusSubscriber classes into the eventbus for playeranimator
[13авг.2026 22:22:26.256] [modloading-worker-0/INFO] [mixin/]: Mixing MixinCaelusApi from caelus.mixins.json into top.theillusivec4.caelus.api.CaelusApi
[13авг.2026 22:22:26.263] [modloading-worker-0/DEBUG] [net.minecraftforge.fml.javafmlmod.AutomaticEventSubscriber/LOADING]: Attempting to inject @EventBusSubscriber classes into the eventbus for cloth_config
[13авг.2026 22:22:26.264] [modloading-worker-0/INFO] [mixin/]: Mixing pehkui.compat.ScaleTypeMixin from pehkui.mixins.json into virtuoel.pehkui.api.ScaleType
[13авг.2026 22:22:26.264] [modloading-worker-0/DEBUG] [net.minecraftforge.fml.javafmlmod.AutomaticEventSubscriber/LOADING]: Auto-subscribing dev.kosmx.playerAnim.forge.ForgeClientEvent to MOD
[13авг.2026 22:22:26.270] [modloading-worker-0/INFO] [mixin/]: Mixing MinecraftMixin from mixins.irons_spellbooks.json into net.minecraft.client.Minecraft
[13авг.2026 22:22:26.272] [modloading-worker-0/INFO] [mixin/]: Mixing client.MinecraftClientAccessor from bettercombat.mixins.json into net.minecraft.client.Minecraft
[13авг.2026 22:22:26.279] [modloading-worker-0/INFO] [mixin/]: Mixing client.MinecraftClientInject from bettercombat.mixins.json into net.minecraft.client.Minecraft
[13авг.2026 22:22:26.281] [modloading-worker-0/INFO] [mixin/]: Renaming synthetic method lambda$performAttack$2(Lnet/bettercombat/api/AttackHand;Ljava/util/List;Lnet/minecraft/world/entity/Entity;Lnet/bettercombat/api/client/BetterCombatClientEvents$PlayerAttackHit;)V to md574228$lambda$performAttack$2$0 in bettercombat.mixins.json:client.MinecraftClientInject
[13авг.2026 22:22:26.282] [modloading-worker-0/INFO] [mixin/]: Renaming synthetic method lambda$startUpswing$1(Lnet/bettercombat/api/AttackHand;Lnet/bettercombat/api/client/BetterCombatClientEvents$PlayerAttackStart;)V to md574228$lambda$startUpswing$1$1 in bettercombat.mixins.json:client.MinecraftClientInject
[13авг.2026 22:22:26.282] [modloading-worker-0/INFO] [mixin/]: Renaming synthetic method lambda$setupTextRenderer$0(Lnet/minecraft/client/gui/GuiGraphics;F)V to md574228$lambda$setupTextRenderer$0$2 in bettercombat.mixins.json:client.MinecraftClientInject
[13авг.2026 22:22:26.373] [modloading-worker-0/DEBUG] [net.minecraftforge.fml.javafmlmod.AutomaticEventSubscriber/LOADING]: Attempting to inject @EventBusSubscriber classes into the eventbus for caelus
[13авг.2026 22:22:26.386] [modloading-worker-0/DEBUG] [net.minecraftforge.fml.javafmlmod.AutomaticEventSubscriber/LOADING]: Attempting to inject @EventBusSubscriber classes into the eventbus for puffish_attributes
[13авг.2026 22:22:26.388] [modloading-worker-0/DEBUG] [net.minecraftforge.versions.forge.ForgeVersion/CORE]: Forge Version package package net.minecraftforge.versions.forge, Forge, version 47.4 from cpw.mods.modlauncher.TransformingClassLoader@7bd96822
[13авг.2026 22:22:26.389] [modloading-worker-0/DEBUG] [net.minecraftforge.fml.config.ConfigTracker/CONFIG]: Config file jei-server.toml for jei tracking
[13авг.2026 22:22:26.389] [modloading-worker-0/DEBUG] [net.minecraftforge.versions.forge.ForgeVersion/CORE]: Found Forge version 47.4.0
[13авг.2026 22:22:26.389] [modloading-worker-0/DEBUG] [net.minecraftforge.versions.forge.ForgeVersion/CORE]: Found Forge spec 47.4
[13авг.2026 22:22:26.389] [modloading-worker-0/DEBUG] [net.minecraftforge.versions.forge.ForgeVersion/CORE]: Found Forge group net.minecraftforge
[13авг.2026 22:22:26.389] [modloading-worker-0/INFO] [net.minecraftforge.common.ForgeMod/FORGEMOD]: Forge mod loading, version 47.4.0, for MC 1.20.1 with MCP 20230612.114412
[13авг.2026 22:22:26.390] [modloading-worker-0/INFO] [net.minecraftforge.common.MinecraftForge/FORGE]: MinecraftForge v47.4.0 Initialized
[13авг.2026 22:22:26.394] [modloading-worker-0/DEBUG] [net.chixozhmix.dnmmod.DnMmod/]: TravelOptics mod not present
[13авг.2026 22:22:26.396] [modloading-worker-0/DEBUG] [net.minecraftforge.fml.config.ConfigTracker/CONFIG]: Config file dnmmod-spell-components.toml for dnmmod tracking
[13авг.2026 22:22:26.408] [modloading-worker-0/DEBUG] [net.minecraftforge.fml.javafmlmod.AutomaticEventSubscriber/LOADING]: Attempting to inject @EventBusSubscriber classes into the eventbus for irons_lib
[13авг.2026 22:22:26.408] [modloading-worker-0/DEBUG] [net.minecraftforge.fml.javafmlmod.AutomaticEventSubscriber/LOADING]: Auto-subscribing io.redspace.ironslib.registry.IronsLibRegistries$AttributeRegistry to MOD
[13авг.2026 22:22:26.409] [modloading-worker-0/DEBUG] [net.minecraftforge.fml.javafmlmod.AutomaticEventSubscriber/LOADING]: Auto-subscribing io.redspace.ironslib.internal.registry.CommandHandler to FORGE
[13авг.2026 22:22:26.410] [modloading-worker-0/DEBUG] [net.minecraftforge.fml.config.ConfigTracker/CONFIG]: Config file curios-client.toml for curios tracking
[13авг.2026 22:22:26.412] [modloading-worker-0/DEBUG] [net.minecraftforge.fml.javafmlmod.AutomaticEventSubscriber/LOADING]: Auto-subscribing io.redspace.ironslib.internal.client.ClientSetup to MOD
[13авг.2026 22:22:26.412] [modloading-worker-0/INFO] [mixin/]: Mixing client.ClientPlayerInteractionManagerMixin from bettercombat.mixins.json into net.minecraft.client.multiplayer.MultiPlayerGameMode
[13авг.2026 22:22:26.426] [modloading-worker-0/DEBUG] [net.minecraftforge.fml.config.ConfigTracker/CONFIG]: Config file curios-common.toml for curios tracking
[13авг.2026 22:22:26.426] [modloading-worker-0/DEBUG] [net.minecraftforge.fml.config.ConfigTracker/CONFIG]: Config file curios-server.toml for curios tracking
[13авг.2026 22:22:26.426] [modloading-worker-0/DEBUG] [net.minecraftforge.fml.javafmlmod.AutomaticEventSubscriber/LOADING]: Attempting to inject @EventBusSubscriber classes into the eventbus for curios
[13авг.2026 22:22:26.426] [modloading-worker-0/DEBUG] [net.minecraftforge.fml.javafmlmod.AutomaticEventSubscriber/LOADING]: Auto-subscribing top.theillusivec4.curios.Curios$ClientProxy to MOD
[13авг.2026 22:22:26.429] [modloading-worker-0/DEBUG] [net.minecraftforge.fml.javafmlmod.AutomaticEventSubscriber/LOADING]: Auto-subscribing io.redspace.ironslib.internal.client.ClientInputEvents to FORGE
[13авг.2026 22:22:26.429] [modloading-worker-0/INFO] [mixin/]: Mixing EntityRendererMixin from mixins.irons_spellbooks.json into net.minecraft.client.renderer.entity.EntityRenderer
[13авг.2026 22:22:26.429] [modloading-worker-0/INFO] [mixin/]: Mixing client.compat120plus.EntityRendererMixin from pehkui.mixins.json into net.minecraft.client.renderer.entity.EntityRenderer
[13авг.2026 22:22:26.450] [modloading-worker-0/INFO] [mixin/]: Mixing client.ClientPlayerEntityMixin from pehkui.mixins.json into net.minecraft.client.player.LocalPlayer
[13авг.2026 22:22:26.451] [modloading-worker-0/DEBUG] [net.minecraftforge.fml.javafmlmod.AutomaticEventSubscriber/LOADING]: Auto-subscribing io.redspace.ironslib.internal.client.ClientEvents to FORGE
[13авг.2026 22:22:26.451] [modloading-worker-0/INFO] [mixin/]: Mixing client.compat1182plus.ClientPlayerEntityMixin from pehkui.mixins.json into net.minecraft.client.player.LocalPlayer
[13авг.2026 22:22:26.451] [modloading-worker-0/INFO] [mixin/]: Mixing client.ClientPlayerEntityMixin from bettercombat.mixins.json into net.minecraft.client.player.LocalPlayer
[13авг.2026 22:22:26.453] [modloading-worker-0/INFO] [mixin/]: Mixing MixinLocalPlayer from caelus.mixins.json into net.minecraft.client.player.LocalPlayer
[13авг.2026 22:22:26.498] [modloading-worker-0/INFO] [mixin/]: Mixing firstPerson.LivingEntityRendererMixin from playerAnimator-common.mixins.json into net.minecraft.client.renderer.entity.LivingEntityRenderer
[13авг.2026 22:22:26.498] [modloading-worker-0/DEBUG] [mixin/]: playerAnimator-common.mixins.json:firstPerson.LivingEntityRendererMixin: Class version 61 required is higher than the class version supported by the current version of Mixin (JAVA_16 supports class version 60)
[13авг.2026 22:22:26.498] [modloading-worker-0/INFO] [mixin/]: Renaming synthetic method lambda$filterLayers$0(Ljava/lang/Object;)Z to md574228$lambda$filterLayers$0$0 in playerAnimator-common.mixins.json:firstPerson.LivingEntityRendererMixin
[13авг.2026 22:22:26.518] [modloading-worker-0/INFO] [mixin/]: Mixing client.AbstractClientPlayerEntityMixin from bettercombat.mixins.json into net.minecraft.client.player.AbstractClientPlayer
[13авг.2026 22:22:26.519] [modloading-worker-0/INFO] [mixin/]: Renaming synthetic method lambda$createPoseAdjustment$1(Lnet/minecraft/world/entity/player/Player;Ljava/lang/String;)Ljava/util/Optional; to md574228$lambda$createPoseAdjustment$1$0 in bettercombat.mixins.json:client.AbstractClientPlayerEntityMixin
[13авг.2026 22:22:26.519] [modloading-worker-0/INFO] [mixin/]: Renaming synthetic method lambda$createAttackAdjustment$0(Lnet/minecraft/world/entity/player/Player;Ljava/lang/String;)Ljava/util/Optional; to md574228$lambda$createAttackAdjustment$0$1 in bettercombat.mixins.json:client.AbstractClientPlayerEntityMixin
[13авг.2026 22:22:26.548] [modloading-worker-0/INFO] [mixin/]: Mixing FeatureRendererMixin from playerAnimator-common.mixins.json into net.minecraft.client.renderer.entity.layers.RenderLayer
[13авг.2026 22:22:26.548] [modloading-worker-0/DEBUG] [mixin/]: playerAnimator-common.mixins.json:FeatureRendererMixin: Class version 61 required is higher than the class version supported by the current version of Mixin (JAVA_16 supports class version 60)
[13авг.2026 22:22:26.556] [modloading-worker-0/DEBUG] [net.minecraftforge.fml.javafmlmod.AutomaticEventSubscriber/LOADING]: Auto-subscribing io.redspace.ironslib.attribute.AttributeEventsHandler to FORGE
[13авг.2026 22:22:26.557] [modloading-worker-0/INFO] [mixin/]: Mixing GuiMixin from mixins.irons_spellbooks.json into net.minecraft.client.gui.Gui
[13авг.2026 22:22:26.558] [modloading-worker-0/INFO] [mixin/]: Mixing client.compat120plus.InGameHudMixin from pehkui.mixins.json into net.minecraft.client.gui.Gui
[13авг.2026 22:22:26.559] [modloading-worker-0/INFO] [mixin/]: Mixing client.InGameHudInject from bettercombat.mixins.json into net.minecraft.client.gui.Gui
[13авг.2026 22:22:26.601] [modloading-worker-0/DEBUG] [net.minecraftforge.fml.config.ConfigTracker/CONFIG]: Config file pehkui-client.toml for pehkui tracking
[13авг.2026 22:22:26.601] [modloading-worker-0/DEBUG] [net.minecraftforge.fml.config.ConfigTracker/CONFIG]: Config file pehkui-server.toml for pehkui tracking
[13авг.2026 22:22:26.601] [modloading-worker-0/DEBUG] [net.minecraftforge.fml.config.ConfigTracker/CONFIG]: Config file pehkui-common.toml for pehkui tracking
[13авг.2026 22:22:26.604] [modloading-worker-0/INFO] [mixin/]: Mixing client.ClientWorldMixin from pehkui.mixins.json into net.minecraft.client.multiplayer.ClientLevel
[13авг.2026 22:22:26.615] [modloading-worker-0/DEBUG] [mezz.jei.common.platform.Services/]: Loaded mezz.jei.forge.platform.PlatformHelper@3fab1e6d for service interface mezz.jei.common.platform.IPlatformHelper
[13авг.2026 22:22:26.625] [modloading-worker-0/DEBUG] [net.minecraftforge.fml.config.ConfigTracker/CONFIG]: Config file forge-client.toml for forge tracking
[13авг.2026 22:22:26.625] [modloading-worker-0/DEBUG] [net.minecraftforge.fml.config.ConfigTracker/CONFIG]: Config file forge-server.toml for forge tracking
[13авг.2026 22:22:26.625] [modloading-worker-0/DEBUG] [net.minecraftforge.fml.ModLoadingContext/]: Attempted to register an empty config for type COMMON on mod forge
[13авг.2026 22:22:26.627] [modloading-worker-0/DEBUG] [net.minecraftforge.fml.javafmlmod.AutomaticEventSubscriber/LOADING]: Attempting to inject @EventBusSubscriber classes into the eventbus for pehkui
[13авг.2026 22:22:26.629] [modloading-worker-0/INFO] [mixin/]: Mixing client.compat120plus.compat1201minus.InventoryScreenMixin from pehkui.mixins.json into net.minecraft.client.gui.screens.inventory.InventoryScreen
[13авг.2026 22:22:26.633] [modloading-worker-0/INFO] [mixin/]: Renaming synthetic method lambda$pehkui$drawEntity$head$0(Lvirtuoel/pehkui/api/ScaleType;)Lvirtuoel/pehkui/api/ScaleData; to md574228$lambda$pehkui$drawEntity$head$0$0 in pehkui.mixins.json:client.compat120plus.compat1201minus.InventoryScreenMixin
[13авг.2026 22:22:26.664] [modloading-worker-0/DEBUG] [net.minecraftforge.fml.javafmlmod.AutomaticEventSubscriber/LOADING]: Attempting to inject @EventBusSubscriber classes into the eventbus for forge
[13авг.2026 22:22:26.664] [modloading-worker-0/WARN] [software.bernie.geckolib.GeckoLib/]: Minecraft.getInstance() was null, could not register reload listeners
[13авг.2026 22:22:26.664] [modloading-worker-0/DEBUG] [net.minecraftforge.fml.javafmlmod.AutomaticEventSubscriber/LOADING]: Auto-subscribing net.minecraftforge.common.ForgeSpawnEggItem$CommonHandler to MOD
[13авг.2026 22:22:26.665] [modloading-worker-0/DEBUG] [net.minecraftforge.fml.javafmlmod.AutomaticEventSubscriber/LOADING]: Auto-subscribing net.minecraftforge.common.ForgeSpawnEggItem$ColorRegisterHandler to MOD
[13авг.2026 22:22:26.668] [modloading-worker-0/INFO] [mixin/]: Mixing TestSpellMixin from mixins.dnmmod.json into io.redspace.ironsspellbooks.api.spells.AbstractSpell
[13авг.2026 22:22:26.679] [modloading-worker-0/INFO] [mixin/]: Mixing SpellInfoMixin from mixins.dnmmod.json into io.redspace.ironsspellbooks.api.spells.AbstractSpell
[13авг.2026 22:22:26.680] [modloading-worker-0/DEBUG] [io.netty.buffer.AbstractByteBuf/]: -Dio.netty.buffer.checkAccessible: true
[13авг.2026 22:22:26.680] [modloading-worker-0/DEBUG] [io.netty.buffer.AbstractByteBuf/]: -Dio.netty.buffer.checkBounds: true
[13авг.2026 22:22:26.681] [modloading-worker-0/DEBUG] [io.netty.util.ResourceLeakDetectorFactory/]: Loaded default ResourceLeakDetector: io.netty.util.ResourceLeakDetector@11481e24
[13авг.2026 22:22:26.685] [modloading-worker-0/DEBUG] [net.minecraftforge.fml.javafmlmod.AutomaticEventSubscriber/LOADING]: Auto-subscribing net.minecraftforge.client.model.data.ModelDataManager to FORGE
[13авг.2026 22:22:26.688] [modloading-worker-0/DEBUG] [net.minecraftforge.fml.javafmlmod.AutomaticEventSubscriber/LOADING]: Auto-subscribing net.minecraftforge.client.ForgeHooksClient$ClientEvents to MOD
[13авг.2026 22:22:26.696] [modloading-worker-0/DEBUG] [net.minecraftforge.fml.javafmlmod.AutomaticEventSubscriber/LOADING]: Auto-subscribing net.minecraftforge.client.ClientForgeMod to MOD
[13авг.2026 22:22:26.697] [modloading-worker-0/DEBUG] [net.minecraftforge.fml.javafmlmod.AutomaticEventSubscriber/LOADING]: Attempting to inject @EventBusSubscriber classes into the eventbus for bettercombat
[13авг.2026 22:22:26.697] [modloading-worker-0/DEBUG] [net.minecraftforge.fml.javafmlmod.AutomaticEventSubscriber/LOADING]: Auto-subscribing net.bettercombat.forge.events.ForgeModEvents to MOD
[13авг.2026 22:22:26.697] [modloading-worker-0/DEBUG] [net.minecraftforge.fml.javafmlmod.AutomaticEventSubscriber/LOADING]: Auto-subscribing net.bettercombat.forge.events.ForgeEvents to FORGE
[13авг.2026 22:22:26.701] [modloading-worker-0/DEBUG] [net.minecraftforge.fml.javafmlmod.AutomaticEventSubscriber/LOADING]: Auto-subscribing net.bettercombat.forge.events.ForgeClientModEvents to MOD
[13авг.2026 22:22:26.702] [modloading-worker-0/DEBUG] [net.minecraftforge.fml.javafmlmod.AutomaticEventSubscriber/LOADING]: Auto-subscribing net.bettercombat.forge.events.ForgeClientEvents to FORGE
[13авг.2026 22:22:26.707] [modloading-worker-0/INFO] [mixin/]: Mixing GuiGraphicsMixin from irons_lib.mixins.json into net.minecraft.client.gui.GuiGraphics
[13авг.2026 22:22:26.726] [modloading-worker-0/DEBUG] [net.minecraftforge.fml.javafmlmod.AutomaticEventSubscriber/LOADING]: Attempting to inject @EventBusSubscriber classes into the eventbus for geckolib
[13авг.2026 22:22:26.727] [modloading-worker-0/DEBUG] [net.minecraftforge.fml.javafmlmod.AutomaticEventSubscriber/LOADING]: Auto-subscribing software.bernie.example.GeckoLibMod to FORGE
[13авг.2026 22:22:26.727] [modloading-worker-0/DEBUG] [net.minecraftforge.fml.javafmlmod.AutomaticEventSubscriber/LOADING]: Auto-subscribing software.bernie.example.CommonListener to MOD
[13авг.2026 22:22:26.728] [modloading-worker-0/DEBUG] [net.minecraftforge.fml.javafmlmod.AutomaticEventSubscriber/LOADING]: Auto-subscribing software.bernie.example.ClientListener to MOD
[13авг.2026 22:22:26.729] [modloading-worker-0/DEBUG] [mezz.jei.common.config.file.ConfigSerializer/]: Loading config file: C:\Modding\DnM\run-data\config\jei\jei-debug.ini
[13авг.2026 22:22:26.730] [modloading-worker-0/DEBUG] [mezz.jei.common.config.file.ConfigSerializer/]: Saving config file: C:\Modding\DnM\run-data\config\jei\jei-debug.ini
[13авг.2026 22:22:26.735] [modloading-worker-0/DEBUG] [mezz.jei.common.config.file.ConfigSerializer/]: Loading config file: C:\Modding\DnM\run-data\config\jei\jei-mod-id-format.ini
[13авг.2026 22:22:26.736] [modloading-worker-0/DEBUG] [mezz.jei.common.config.file.ConfigSerializer/]: Saving config file: C:\Modding\DnM\run-data\config\jei\jei-mod-id-format.ini
[13авг.2026 22:22:26.739] [modloading-worker-0/DEBUG] [mezz.jei.common.config.file.ConfigSerializer/]: Loading config file: C:\Modding\DnM\run-data\config\jei\jei-colors.ini
[13авг.2026 22:22:26.740] [modloading-worker-0/DEBUG] [mezz.jei.common.config.file.ConfigSerializer/]: Saving config file: C:\Modding\DnM\run-data\config\jei\jei-colors.ini
[13авг.2026 22:22:26.747] [modloading-worker-0/DEBUG] [mezz.jei.common.config.file.ConfigSerializer/]: Loading config file: C:\Modding\DnM\run-data\config\jei\jei-client.ini
[13авг.2026 22:22:26.748] [modloading-worker-0/DEBUG] [mezz.jei.common.config.file.ConfigSerializer/]: Saving config file: C:\Modding\DnM\run-data\config\jei\jei-client.ini
[13авг.2026 22:22:26.752] [modloading-worker-0/INFO] [mezz.jei.library.load.PluginCaller/]: Sending ConfigManager...
[13авг.2026 22:22:26.755] [modloading-worker-0/DEBUG] [mezz.jei.library.load.PluginCallerTimerRunnable/]: Sending ConfigManager: jei:minecraft...
[13авг.2026 22:22:26.755] [modloading-worker-0/DEBUG] [mezz.jei.library.load.PluginCallerTimerRunnable/]: Sending ConfigManager: irons_spellbooks:jei_plugin...
[13авг.2026 22:22:26.755] [modloading-worker-0/DEBUG] [mezz.jei.library.load.PluginCallerTimerRunnable/]: Sending ConfigManager: jei:debug...
[13авг.2026 22:22:26.755] [modloading-worker-0/DEBUG] [mezz.jei.library.load.PluginCallerTimerRunnable/]: Sending ConfigManager: jei:gui...
[13авг.2026 22:22:26.755] [modloading-worker-0/DEBUG] [mezz.jei.library.load.PluginCallerTimerRunnable/]: Sending ConfigManager: jei:forge_gui...
[13авг.2026 22:22:26.755] [modloading-worker-0/DEBUG] [mezz.jei.library.load.PluginCallerTimerRunnable/]: Sending ConfigManager: curios:curios...
[13авг.2026 22:22:26.755] [modloading-worker-0/DEBUG] [mezz.jei.library.load.PluginCallerTimerRunnable/]: Sending ConfigManager: dnmmod:jei_plugin...
[13авг.2026 22:22:26.755] [modloading-worker-0/DEBUG] [mezz.jei.library.load.PluginCallerTimerRunnable/]: Sending ConfigManager: jei:internal...
[13авг.2026 22:22:26.756] [modloading-worker-0/INFO] [mezz.jei.library.load.PluginCaller/]: Sending ConfigManager took 2.605 ms
[13авг.2026 22:22:26.762] [modloading-worker-0/DEBUG] [net.minecraftforge.fml.javafmlmod.AutomaticEventSubscriber/LOADING]: Attempting to inject @EventBusSubscriber classes into the eventbus for jei
[13авг.2026 22:22:26.846] [modloading-worker-0/DEBUG] [net.minecraftforge.fml.javafmlmod.AutomaticEventSubscriber/LOADING]: Attempting to inject @EventBusSubscriber classes into the eventbus for dnmmod
[13авг.2026 22:22:26.846] [modloading-worker-0/DEBUG] [net.minecraftforge.fml.javafmlmod.AutomaticEventSubscriber/LOADING]: Auto-subscribing net.chixozhmix.dnmmod.datagen.DataGenerators to MOD
[13авг.2026 22:22:26.847] [modloading-worker-0/DEBUG] [net.minecraftforge.fml.javafmlmod.AutomaticEventSubscriber/LOADING]: Auto-subscribing net.chixozhmix.dnmmod.effect.custom.AgathysArmor to FORGE
[13авг.2026 22:22:26.850] [modloading-worker-0/DEBUG] [net.minecraftforge.fml.javafmlmod.AutomaticEventSubscriber/LOADING]: Auto-subscribing net.chixozhmix.dnmmod.effect.custom.CorpsePoison to FORGE
[13авг.2026 22:22:26.851] [modloading-worker-0/DEBUG] [net.minecraftforge.fml.javafmlmod.AutomaticEventSubscriber/LOADING]: Auto-subscribing net.chixozhmix.dnmmod.effect.custom.DisorientationEffect to FORGE
[13авг.2026 22:22:26.853] [modloading-worker-0/DEBUG] [net.minecraftforge.fml.javafmlmod.AutomaticEventSubscriber/LOADING]: Auto-subscribing net.chixozhmix.dnmmod.effect.custom.PhantomEffect$PhantomEffectHandler to FORGE
[13авг.2026 22:22:26.856] [modloading-worker-0/DEBUG] [net.minecraftforge.fml.javafmlmod.AutomaticEventSubscriber/LOADING]: Auto-subscribing net.chixozhmix.dnmmod.effect.custom.ThickOfFight to FORGE
[13авг.2026 22:22:26.857] [modloading-worker-0/DEBUG] [net.minecraftforge.fml.javafmlmod.AutomaticEventSubscriber/LOADING]: Auto-subscribing net.chixozhmix.dnmmod.events.BossMusicEvent to FORGE
[13авг.2026 22:22:26.859] [modloading-worker-0/DEBUG] [net.minecraftforge.fml.javafmlmod.AutomaticEventSubscriber/LOADING]: Auto-subscribing net.chixozhmix.dnmmod.events.ClientModEvents to MOD
[13авг.2026 22:22:26.864] [modloading-worker-0/DEBUG] [net.minecraftforge.fml.javafmlmod.AutomaticEventSubscriber/LOADING]: Auto-subscribing net.chixozhmix.dnmmod.events.ModEvents to MOD
[13авг.2026 22:22:26.866] [modloading-worker-0/DEBUG] [net.minecraftforge.fml.javafmlmod.AutomaticEventSubscriber/LOADING]: Auto-subscribing net.chixozhmix.dnmmod.events.PlayerEvent to FORGE
[13авг.2026 22:22:26.867] [modloading-worker-0/DEBUG] [net.minecraftforge.fml.javafmlmod.AutomaticEventSubscriber/LOADING]: Auto-subscribing net.chixozhmix.dnmmod.events.SpellTickHelper to FORGE
[13авг.2026 22:22:26.868] [modloading-worker-0/DEBUG] [net.minecraftforge.fml.javafmlmod.AutomaticEventSubscriber/LOADING]: Auto-subscribing net.chixozhmix.dnmmod.registers.OverlayRegister to MOD
[13авг.2026 22:22:26.870] [modloading-worker-0/DEBUG] [net.minecraftforge.fml.javafmlmod.AutomaticEventSubscriber/LOADING]: Auto-subscribing net.chixozhmix.dnmmod.renderer.ArmorEffectRenderer to FORGE
[13авг.2026 22:22:26.927] [modloading-worker-0/DEBUG] [net.minecraftforge.fml.config.ConfigTracker/CONFIG]: Config file irons_spellbooks-client.toml for irons_spellbooks tracking
[13авг.2026 22:22:26.931] [modloading-worker-0/DEBUG] [net.minecraftforge.fml.config.ConfigTracker/CONFIG]: Config file irons_spellbooks-server.toml for irons_spellbooks tracking
[13авг.2026 22:22:26.931] [modloading-worker-0/DEBUG] [net.minecraftforge.fml.javafmlmod.AutomaticEventSubscriber/LOADING]: Attempting to inject @EventBusSubscriber classes into the eventbus for irons_spellbooks
[13авг.2026 22:22:26.932] [modloading-worker-0/DEBUG] [net.minecraftforge.fml.javafmlmod.AutomaticEventSubscriber/LOADING]: Auto-subscribing io.redspace.ironsspellbooks.worldgen.VillageAddition to FORGE
[13авг.2026 22:22:26.933] [modloading-worker-0/DEBUG] [net.minecraftforge.fml.javafmlmod.AutomaticEventSubscriber/LOADING]: Auto-subscribing io.redspace.ironsspellbooks.setup.CommonSetup to MOD
[13авг.2026 22:22:26.934] [modloading-worker-0/DEBUG] [net.minecraftforge.fml.javafmlmod.AutomaticEventSubscriber/LOADING]: Auto-subscribing io.redspace.ironsspellbooks.setup.ClientSetup to MOD
[13авг.2026 22:22:26.948] [modloading-worker-0/DEBUG] [net.minecraftforge.fml.javafmlmod.AutomaticEventSubscriber/LOADING]: Auto-subscribing io.redspace.ironsspellbooks.registries.PotionRegistry to FORGE
[13авг.2026 22:22:26.948] [modloading-worker-0/DEBUG] [net.minecraftforge.fml.javafmlmod.AutomaticEventSubscriber/LOADING]: Auto-subscribing io.redspace.ironsspellbooks.registries.OverlayRegistry to MOD
[13авг.2026 22:22:26.949] [modloading-worker-0/DEBUG] [net.minecraftforge.fml.javafmlmod.AutomaticEventSubscriber/LOADING]: Auto-subscribing io.redspace.ironsspellbooks.registries.CreativeTabRegistry to MOD
[13авг.2026 22:22:26.949] [modloading-worker-0/DEBUG] [net.minecraftforge.fml.javafmlmod.AutomaticEventSubscriber/LOADING]: Auto-subscribing io.redspace.ironsspellbooks.registries.CommandRegistry to FORGE
[13авг.2026 22:22:26.950] [modloading-worker-0/DEBUG] [net.minecraftforge.fml.javafmlmod.AutomaticEventSubscriber/LOADING]: Auto-subscribing io.redspace.ironsspellbooks.player.ServerPlayerEvents to FORGE
[13авг.2026 22:22:26.968] [modloading-worker-0/INFO] [mixin/]: Mixing compat1201minus.PlayerManagerMixin from pehkui.mixins.json into net.minecraft.server.players.PlayerList
[13авг.2026 22:22:26.978] [modloading-worker-0/DEBUG] [net.minecraftforge.fml.javafmlmod.AutomaticEventSubscriber/LOADING]: Auto-subscribing io.redspace.ironsspellbooks.player.KeyMappings to MOD
[13авг.2026 22:22:27.018] [modloading-worker-0/DEBUG] [net.minecraftforge.fml.javafmlmod.AutomaticEventSubscriber/LOADING]: Auto-subscribing io.redspace.ironsspellbooks.player.ClientPlayerEvents to FORGE
[13авг.2026 22:22:27.022] [modloading-worker-0/INFO] [mixin/]: Mixing firstPerson.CameraAccessor from playerAnimator-common.mixins.json into net.minecraft.client.Camera
[13авг.2026 22:22:27.022] [modloading-worker-0/DEBUG] [mixin/]: playerAnimator-common.mixins.json:firstPerson.CameraAccessor: Class version 61 required is higher than the class version supported by the current version of Mixin (JAVA_16 supports class version 60)
[13авг.2026 22:22:27.026] [modloading-worker-0/INFO] [mixin/]: Mixing client.CameraMixin from pehkui.mixins.json into net.minecraft.client.Camera
[13авг.2026 22:22:27.038] [modloading-worker-0/DEBUG] [net.minecraftforge.fml.javafmlmod.AutomaticEventSubscriber/LOADING]: Auto-subscribing io.redspace.ironsspellbooks.player.ClientInputEvents to FORGE
[13авг.2026 22:22:27.040] [modloading-worker-0/DEBUG] [net.minecraftforge.fml.javafmlmod.AutomaticEventSubscriber/LOADING]: Auto-subscribing io.redspace.ironsspellbooks.player.AdditionalWanderingTrades to FORGE
[13авг.2026 22:22:27.041] [modloading-worker-0/DEBUG] [net.minecraftforge.fml.javafmlmod.AutomaticEventSubscriber/LOADING]: Auto-subscribing io.redspace.ironsspellbooks.particle.FallingBlockParticle to FORGE
[13авг.2026 22:22:27.042] [modloading-worker-0/INFO] [mixin/]: Mixing ParticleAccessor from mixins.irons_spellbooks.json into net.minecraft.client.particle.Particle
[13авг.2026 22:22:27.069] [modloading-worker-0/INFO] [mixin/]: Mixing ParticleMixin from mixins.irons_spellbooks.json into net.minecraft.client.particle.Particle
[13авг.2026 22:22:27.087] [modloading-worker-0/INFO] [mixin/]: Mixing firstPerson.LevelRendererMixin from playerAnimator-common.mixins.json into net.minecraft.client.renderer.LevelRenderer
[13авг.2026 22:22:27.087] [modloading-worker-0/DEBUG] [mixin/]: playerAnimator-common.mixins.json:firstPerson.LevelRendererMixin: Class version 61 required is higher than the class version supported by the current version of Mixin (JAVA_16 supports class version 60)
[13авг.2026 22:22:27.088] [modloading-worker-0/INFO] [mixin/]: Mixing client.compat115plus.WorldRendererMixin from pehkui.mixins.json into net.minecraft.client.renderer.LevelRenderer
[13авг.2026 22:22:27.128] [modloading-worker-0/DEBUG] [net.minecraftforge.fml.javafmlmod.AutomaticEventSubscriber/LOADING]: Auto-subscribing io.redspace.ironsspellbooks.particle.ClientShieldHelper to FORGE
[13авг.2026 22:22:27.129] [modloading-worker-0/DEBUG] [net.minecraftforge.fml.javafmlmod.AutomaticEventSubscriber/LOADING]: Auto-subscribing io.redspace.ironsspellbooks.item.curios.WickedBoneRingItem to FORGE
[13авг.2026 22:22:27.134] [modloading-worker-0/DEBUG] [net.minecraftforge.fml.javafmlmod.AutomaticEventSubscriber/LOADING]: Auto-subscribing io.redspace.ironsspellbooks.item.curios.LurkerRing to FORGE
[13авг.2026 22:22:27.134] [modloading-worker-0/DEBUG] [net.minecraftforge.fml.javafmlmod.AutomaticEventSubscriber/LOADING]: Auto-subscribing io.redspace.ironsspellbooks.item.curios.BetrayerSignetRingItem to FORGE
[13авг.2026 22:22:27.135] [modloading-worker-0/DEBUG] [net.minecraftforge.fml.javafmlmod.AutomaticEventSubscriber/LOADING]: Auto-subscribing io.redspace.ironsspellbooks.gui.overlays.RecastOverlay to FORGE
[13авг.2026 22:22:27.137] [modloading-worker-0/DEBUG] [net.minecraftforge.fml.javafmlmod.AutomaticEventSubscriber/LOADING]: Auto-subscribing io.redspace.ironsspellbooks.entity.mobs.wizards.WizardAIEvents to FORGE
[13авг.2026 22:22:27.139] [modloading-worker-0/DEBUG] [net.minecraftforge.fml.javafmlmod.AutomaticEventSubscriber/LOADING]: Auto-subscribing io.redspace.ironsspellbooks.entity.mobs.dead_king_boss.DeadKingBoss to FORGE
[13авг.2026 22:22:27.151] [modloading-worker-0/INFO] [mixin/]: Mixing EntityAttributeInstanceInvoker from puffish_attributes.mixins.json into net.minecraft.world.entity.ai.attributes.AttributeInstance
[13авг.2026 22:22:27.156] [modloading-worker-0/INFO] [mixin/]: Mixing EntityAttributeInstanceMixin from puffish_attributes.mixins.json into net.minecraft.world.entity.ai.attributes.AttributeInstance
[13авг.2026 22:22:27.183] [modloading-worker-0/INFO] [mixin/]: Mixing compat116plus.TargetPredicateMixin from pehkui.mixins.json into net.minecraft.world.entity.ai.targeting.TargetingConditions
[13авг.2026 22:22:27.184] [modloading-worker-0/INFO] [mixin/]: Mixing TargetPredicateMixin from puffish_attributes.mixins.json into net.minecraft.world.entity.ai.targeting.TargetingConditions
[13авг.2026 22:22:27.200] [modloading-worker-0/INFO] [mixin/]: Mixing DamageTrackerMixin from puffish_attributes.mixins.json into net.minecraft.world.damagesource.CombatTracker
[13авг.2026 22:22:27.211] [modloading-worker-0/INFO] [mixin/]: Mixing compat116plus.compat1202minus.ExplosionMixin from pehkui.mixins.json into net.minecraft.world.level.Explosion
[13авг.2026 22:22:27.212] [modloading-worker-0/WARN] [mixin/]: Write access to @Mutable @Final field radius:F in pehkui.mixins.json:compat116plus.compat1202minus.ExplosionMixin::handler$zgg000$pehkui$construct
[13авг.2026 22:22:27.224] [modloading-worker-0/DEBUG] [net.minecraftforge.fml.javafmlmod.AutomaticEventSubscriber/LOADING]: Auto-subscribing io.redspace.ironsspellbooks.effect.guiding_bolt.GuidingBoltManager to FORGE
[13авг.2026 22:22:27.226] [modloading-worker-0/DEBUG] [net.minecraftforge.fml.javafmlmod.AutomaticEventSubscriber/LOADING]: Auto-subscribing io.redspace.ironsspellbooks.effect.TrueInvisibilityEffect to FORGE
[13авг.2026 22:22:27.226] [modloading-worker-0/DEBUG] [net.minecraftforge.fml.javafmlmod.AutomaticEventSubscriber/LOADING]: Auto-subscribing io.redspace.ironsspellbooks.effect.ThunderstormEffect to FORGE
[13авг.2026 22:22:27.227] [modloading-worker-0/DEBUG] [net.minecraftforge.fml.javafmlmod.AutomaticEventSubscriber/LOADING]: Auto-subscribing io.redspace.ironsspellbooks.effect.SpiderAspectEffect to FORGE
[13авг.2026 22:22:27.227] [modloading-worker-0/DEBUG] [net.minecraftforge.fml.javafmlmod.AutomaticEventSubscriber/LOADING]: Auto-subscribing io.redspace.ironsspellbooks.effect.SoulBurnMobEffect to FORGE
[13авг.2026 22:22:27.228] [modloading-worker-0/DEBUG] [net.minecraftforge.fml.javafmlmod.AutomaticEventSubscriber/LOADING]: Auto-subscribing io.redspace.ironsspellbooks.effect.SacrificialMarkEffect to FORGE
[13авг.2026 22:22:27.228] [modloading-worker-0/DEBUG] [net.minecraftforge.fml.javafmlmod.AutomaticEventSubscriber/LOADING]: Auto-subscribing io.redspace.ironsspellbooks.effect.OakskinEffect to FORGE
[13авг.2026 22:22:27.229] [modloading-worker-0/DEBUG] [net.minecraftforge.fml.javafmlmod.AutomaticEventSubscriber/LOADING]: Auto-subscribing io.redspace.ironsspellbooks.effect.GluttonyEffect to FORGE
[13авг.2026 22:22:27.230] [modloading-worker-0/DEBUG] [net.minecraftforge.fml.javafmlmod.AutomaticEventSubscriber/LOADING]: Auto-subscribing io.redspace.ironsspellbooks.effect.FrostbiteEffect to FORGE
[13авг.2026 22:22:27.230] [modloading-worker-0/DEBUG] [net.minecraftforge.fml.javafmlmod.AutomaticEventSubscriber/LOADING]: Auto-subscribing io.redspace.ironsspellbooks.effect.EchoingStrikesEffect to FORGE
[13авг.2026 22:22:27.232] [modloading-worker-0/DEBUG] [net.minecraftforge.fml.javafmlmod.AutomaticEventSubscriber/LOADING]: Auto-subscribing io.redspace.ironsspellbooks.effect.BlightEffect to FORGE
[13авг.2026 22:22:27.233] [modloading-worker-0/DEBUG] [net.minecraftforge.fml.javafmlmod.AutomaticEventSubscriber/LOADING]: Auto-subscribing io.redspace.ironsspellbooks.datagen.DataGenerators to MOD
[13авг.2026 22:22:27.235] [modloading-worker-0/DEBUG] [net.minecraftforge.fml.javafmlmod.AutomaticEventSubscriber/LOADING]: Auto-subscribing io.redspace.ironsspellbooks.damage.DamageSources to FORGE
[13авг.2026 22:22:27.237] [modloading-worker-0/DEBUG] [net.minecraftforge.fml.javafmlmod.AutomaticEventSubscriber/LOADING]: Auto-subscribing io.redspace.ironsspellbooks.capabilities.magic.SummonManager to FORGE
[13авг.2026 22:22:27.240] [modloading-worker-0/DEBUG] [net.minecraftforge.fml.javafmlmod.AutomaticEventSubscriber/LOADING]: Auto-subscribing io.redspace.ironsspellbooks.api.util.MusicManager to FORGE
[13авг.2026 22:22:27.241] [modloading-worker-0/DEBUG] [net.minecraftforge.fml.javafmlmod.AutomaticEventSubscriber/LOADING]: Auto-subscribing io.redspace.ironsspellbooks.api.util.FogManager to FORGE
[13авг.2026 22:22:27.243] [modloading-worker-0/DEBUG] [net.minecraftforge.fml.javafmlmod.AutomaticEventSubscriber/LOADING]: Auto-subscribing io.redspace.ironsspellbooks.api.util.CameraShakeManager to FORGE
[13авг.2026 22:22:27.246] [modloading-worker-0/INFO] [mixin/]: Mixing reach.client.compat1202minus.GameRendererMixin from pehkui.mixins.json into net.minecraft.client.renderer.GameRenderer
[13авг.2026 22:22:27.246] [modloading-worker-0/INFO] [mixin/]: Mixing client.compat1193plus.GameRendererMixin from pehkui.mixins.json into net.minecraft.client.renderer.GameRenderer
[13авг.2026 22:22:27.281] [modloading-worker-0/DEBUG] [net.minecraftforge.fml.javafmlmod.AutomaticEventSubscriber/LOADING]: Auto-subscribing io.redspace.ironsspellbooks.api.util.BossbarManager to FORGE
[13авг.2026 22:22:27.282] [modloading-worker-0/DEBUG] [net.minecraftforge.fml.javafmlmod.AutomaticEventSubscriber/LOADING]: Auto-subscribing io.redspace.ironsspellbooks.api.registry.AttributeRegistry to MOD
[13авг.2026 22:22:27.282] [modloading-worker-0/DEBUG] [net.minecraftforge.fml.javafmlmod.AutomaticEventSubscriber/LOADING]: Auto-subscribing io.redspace.ironsspellbooks.api.config.SpellConfigManager to FORGE
[13авг.2026 22:22:27.286] [modloading-worker-0/DEBUG] [net.minecraftforge.fml.javafmlmod.AutomaticEventSubscriber/LOADING]: Auto-subscribing io.redspace.ironsspellbooks.api.backwards_compat.UpgradeTypeCache to FORGE
[13авг.2026 22:22:27.308] [main/DEBUG] [net.minecraftforge.registries.ObjectHolderRegistry/REGISTRIES]: Processing ObjectHolder annotations
[13авг.2026 22:22:27.324] [main/DEBUG] [net.minecraftforge.registries.ObjectHolderRegistry/REGISTRIES]: Found 5090 ObjectHolder annotations
[13авг.2026 22:22:27.327] [main/DEBUG] [net.minecraftforge.common.capabilities.CapabilityManager/CAPABILITIES]: Attempting to automatically register: Lnet/minecraftforge/energy/IEnergyStorage;
[13авг.2026 22:22:27.327] [main/DEBUG] [net.minecraftforge.common.capabilities.CapabilityManager/CAPABILITIES]: Attempting to automatically register: Lnet/minecraftforge/fluids/capability/IFluidHandler;
[13авг.2026 22:22:27.327] [main/DEBUG] [net.minecraftforge.common.capabilities.CapabilityManager/CAPABILITIES]: Attempting to automatically register: Lnet/minecraftforge/fluids/capability/IFluidHandlerItem;
[13авг.2026 22:22:27.327] [main/DEBUG] [net.minecraftforge.common.capabilities.CapabilityManager/CAPABILITIES]: Attempting to automatically register: Lnet/minecraftforge/items/IItemHandler;
[13авг.2026 22:22:27.328] [main/DEBUG] [net.minecraftforge.registries.GameData/REGISTRIES]: Unfreezing vanilla registries
[13авг.2026 22:22:27.332] [main/DEBUG] [net.minecraftforge.registries.GameData/REGISTRIES]: Applying holder lookups: minecraft:sound_event
[13авг.2026 22:22:27.335] [main/DEBUG] [net.minecraftforge.registries.GameData/REGISTRIES]: Holder lookups applied: minecraft:sound_event
[13авг.2026 22:22:27.336] [main/DEBUG] [net.minecraftforge.registries.GameData/REGISTRIES]: Applying holder lookups: minecraft:fluid
[13авг.2026 22:22:27.337] [main/DEBUG] [net.minecraftforge.registries.GameData/REGISTRIES]: Holder lookups applied: minecraft:fluid
[13авг.2026 22:22:27.346] [main/INFO] [mixin/]: Mixing VaultServerDataAccessor from mixins.irons_spellbooks.json into io.redspace.ironsspellbooks.api.backwards_compat.blocks.vault.data.VaultServerData
[13авг.2026 22:22:27.660] [main/DEBUG] [net.minecraftforge.registries.GameData/REGISTRIES]: Applying holder lookups: minecraft:block
[13авг.2026 22:22:27.662] [main/DEBUG] [net.minecraftforge.registries.GameData/REGISTRIES]: Holder lookups applied: minecraft:block
[13авг.2026 22:22:27.664] [main/DEBUG] [net.minecraftforge.registries.GameData/REGISTRIES]: Applying holder lookups: minecraft:attribute
[13авг.2026 22:22:27.665] [main/DEBUG] [net.minecraftforge.registries.GameData/REGISTRIES]: Holder lookups applied: minecraft:attribute
[13авг.2026 22:22:27.673] [main/DEBUG] [net.minecraftforge.registries.GameData/REGISTRIES]: Applying holder lookups: minecraft:mob_effect
[13авг.2026 22:22:27.674] [main/DEBUG] [net.minecraftforge.registries.GameData/REGISTRIES]: Holder lookups applied: minecraft:mob_effect
[13авг.2026 22:22:27.698] [main/DEBUG] [net.minecraftforge.registries.GameData/REGISTRIES]: Applying holder lookups: minecraft:particle_type
[13авг.2026 22:22:27.699] [main/DEBUG] [net.minecraftforge.registries.GameData/REGISTRIES]: Holder lookups applied: minecraft:particle_type
[13авг.2026 22:22:27.704] [main/DEBUG] [software.bernie.geckolib.GeckoLib/]: Registered SyncedAnimatable for class software.bernie.example.item.JackInTheBoxItem
[13авг.2026 22:22:27.726] [main/INFO] [mixin/]: Mixing BipedEntityModelMixin from playerAnimator-common.mixins.json into net.minecraft.client.model.HumanoidModel
[13авг.2026 22:22:27.726] [main/DEBUG] [mixin/]: playerAnimator-common.mixins.json:BipedEntityModelMixin: Class version 61 required is higher than the class version supported by the current version of Mixin (JAVA_16 supports class version 60)
[13авг.2026 22:22:27.727] [main/INFO] [mixin/]: Renaming synthetic method lambda$renderToBuffer$3(Lcom/mojang/blaze3d/vertex/PoseStack;Lcom/mojang/blaze3d/vertex/VertexConsumer;IIFFFFLnet/minecraft/client/model/geom/ModelPart;)V to md574228$lambda$renderToBuffer$3$0 in playerAnimator-common.mixins.json:BipedEntityModelMixin
[13авг.2026 22:22:27.727] [main/INFO] [mixin/]: Renaming synthetic method lambda$renderToBuffer$2(Lcom/mojang/blaze3d/vertex/PoseStack;Lcom/mojang/blaze3d/vertex/VertexConsumer;IIFFFFLnet/minecraft/client/model/geom/ModelPart;)V to md574228$lambda$renderToBuffer$2$1 in playerAnimator-common.mixins.json:BipedEntityModelMixin
[13авг.2026 22:22:27.727] [main/INFO] [mixin/]: Renaming synthetic method lambda$renderToBuffer$1(Lcom/mojang/blaze3d/vertex/PoseStack;Lcom/mojang/blaze3d/vertex/VertexConsumer;IIFFFFLnet/minecraft/client/model/geom/ModelPart;)V to md574228$lambda$renderToBuffer$1$2 in playerAnimator-common.mixins.json:BipedEntityModelMixin
[13авг.2026 22:22:27.727] [main/INFO] [mixin/]: Renaming synthetic method lambda$renderToBuffer$0(Lcom/mojang/blaze3d/vertex/PoseStack;Lcom/mojang/blaze3d/vertex/VertexConsumer;IIFFFFLnet/minecraft/client/model/geom/ModelPart;)V to md574228$lambda$renderToBuffer$0$3 in playerAnimator-common.mixins.json:BipedEntityModelMixin
[13авг.2026 22:22:27.746] [main/DEBUG] [io.netty.util.internal.InternalThreadLocalMap/]: -Dio.netty.threadLocalMap.stringBuilder.initialSize: 1024
[13авг.2026 22:22:27.746] [main/DEBUG] [io.netty.util.internal.InternalThreadLocalMap/]: -Dio.netty.threadLocalMap.stringBuilder.maxSize: 4096
[13авг.2026 22:22:27.746] [main/DEBUG] [io.netty.util.internal.ThreadLocalRandom/]: -Dio.netty.initialSeedUniquifier: 0xab19f56bd4fb3d3e
[13авг.2026 22:22:27.771] [main/DEBUG] [net.minecraftforge.registries.GameData/REGISTRIES]: Applying holder lookups: minecraft:item
[13авг.2026 22:22:27.772] [main/DEBUG] [net.minecraftforge.registries.GameData/REGISTRIES]: Holder lookups applied: minecraft:item
[13авг.2026 22:22:27.891] [main/DEBUG] [net.minecraftforge.registries.GameData/REGISTRIES]: Applying holder lookups: minecraft:entity_type
[13авг.2026 22:22:27.891] [main/DEBUG] [net.minecraftforge.registries.GameData/REGISTRIES]: Holder lookups applied: minecraft:entity_type
[13авг.2026 22:22:27.891] [main/DEBUG] [net.minecraftforge.registries.GameData/REGISTRIES]: Applying holder lookups: minecraft:sensor_type
[13авг.2026 22:22:27.892] [main/DEBUG] [net.minecraftforge.registries.GameData/REGISTRIES]: Holder lookups applied: minecraft:sensor_type
[13авг.2026 22:22:27.892] [main/DEBUG] [net.minecraftforge.registries.GameData/REGISTRIES]: Applying holder lookups: minecraft:memory_module_type
[13авг.2026 22:22:27.892] [main/DEBUG] [net.minecraftforge.registries.GameData/REGISTRIES]: Holder lookups applied: minecraft:memory_module_type
[13авг.2026 22:22:27.892] [main/DEBUG] [net.minecraftforge.registries.GameData/REGISTRIES]: Applying holder lookups: minecraft:potion
[13авг.2026 22:22:27.893] [main/DEBUG] [net.minecraftforge.registries.GameData/REGISTRIES]: Holder lookups applied: minecraft:potion
[13авг.2026 22:22:27.893] [main/DEBUG] [net.minecraftforge.registries.GameData/REGISTRIES]: Applying holder lookups: minecraft:game_event
[13авг.2026 22:22:27.893] [main/DEBUG] [net.minecraftforge.registries.GameData/REGISTRIES]: Holder lookups applied: minecraft:game_event
[13авг.2026 22:22:27.893] [main/DEBUG] [net.minecraftforge.registries.GameData/REGISTRIES]: Applying holder lookups: minecraft:enchantment
[13авг.2026 22:22:27.893] [main/DEBUG] [net.minecraftforge.registries.GameData/REGISTRIES]: Holder lookups applied: minecraft:enchantment
[13авг.2026 22:22:27.901] [main/DEBUG] [net.minecraftforge.registries.GameData/REGISTRIES]: Applying holder lookups: minecraft:block_entity_type
[13авг.2026 22:22:27.901] [main/DEBUG] [net.minecraftforge.registries.GameData/REGISTRIES]: Holder lookups applied: minecraft:block_entity_type
[13авг.2026 22:22:27.901] [main/DEBUG] [net.minecraftforge.registries.GameData/REGISTRIES]: Applying holder lookups: minecraft:painting_variant
[13авг.2026 22:22:27.902] [main/DEBUG] [net.minecraftforge.registries.GameData/REGISTRIES]: Holder lookups applied: minecraft:painting_variant
[13авг.2026 22:22:27.902] [main/DEBUG] [net.minecraftforge.registries.GameData/REGISTRIES]: Applying holder lookups: minecraft:stat_type
[13авг.2026 22:22:27.902] [main/DEBUG] [net.minecraftforge.registries.GameData/REGISTRIES]: Holder lookups applied: minecraft:stat_type
[13авг.2026 22:22:27.902] [main/DEBUG] [net.minecraftforge.registries.GameData/REGISTRIES]: Applying holder lookups: minecraft:custom_stat
[13авг.2026 22:22:27.903] [main/DEBUG] [net.minecraftforge.registries.GameData/REGISTRIES]: Holder lookups applied: minecraft:custom_stat
[13авг.2026 22:22:27.903] [main/DEBUG] [net.minecraftforge.registries.GameData/REGISTRIES]: Applying holder lookups: minecraft:chunk_status
[13авг.2026 22:22:27.903] [main/DEBUG] [net.minecraftforge.registries.GameData/REGISTRIES]: Holder lookups applied: minecraft:chunk_status
[13авг.2026 22:22:27.903] [main/DEBUG] [net.minecraftforge.registries.GameData/REGISTRIES]: Applying holder lookups: minecraft:rule_test
[13авг.2026 22:22:27.903] [main/DEBUG] [net.minecraftforge.registries.GameData/REGISTRIES]: Holder lookups applied: minecraft:rule_test
[13авг.2026 22:22:27.903] [main/DEBUG] [net.minecraftforge.registries.GameData/REGISTRIES]: Applying holder lookups: minecraft:rule_block_entity_modifier
[13авг.2026 22:22:27.904] [main/DEBUG] [net.minecraftforge.registries.GameData/REGISTRIES]: Holder lookups applied: minecraft:rule_block_entity_modifier
[13авг.2026 22:22:27.904] [main/DEBUG] [net.minecraftforge.registries.GameData/REGISTRIES]: Applying holder lookups: minecraft:pos_rule_test
[13авг.2026 22:22:27.904] [main/DEBUG] [net.minecraftforge.registries.GameData/REGISTRIES]: Holder lookups applied: minecraft:pos_rule_test
[13авг.2026 22:22:27.910] [main/DEBUG] [net.minecraftforge.registries.GameData/REGISTRIES]: Applying holder lookups: minecraft:menu
[13авг.2026 22:22:27.911] [main/DEBUG] [net.minecraftforge.registries.GameData/REGISTRIES]: Holder lookups applied: minecraft:menu
[13авг.2026 22:22:27.912] [main/DEBUG] [net.minecraftforge.registries.GameData/REGISTRIES]: Applying holder lookups: minecraft:recipe_type
[13авг.2026 22:22:27.912] [main/DEBUG] [net.minecraftforge.registries.GameData/REGISTRIES]: Holder lookups applied: minecraft:recipe_type
[13авг.2026 22:22:27.923] [main/DEBUG] [net.minecraftforge.registries.GameData/REGISTRIES]: Applying holder lookups: minecraft:recipe_serializer
[13авг.2026 22:22:27.923] [main/DEBUG] [net.minecraftforge.registries.GameData/REGISTRIES]: Holder lookups applied: minecraft:recipe_serializer
[13авг.2026 22:22:27.923] [main/DEBUG] [net.minecraftforge.registries.GameData/REGISTRIES]: Applying holder lookups: minecraft:position_source_type
[13авг.2026 22:22:27.924] [main/DEBUG] [net.minecraftforge.registries.GameData/REGISTRIES]: Holder lookups applied: minecraft:position_source_type
[13авг.2026 22:22:27.925] [main/DEBUG] [net.minecraftforge.registries.GameData/REGISTRIES]: Applying holder lookups: minecraft:command_argument_type
[13авг.2026 22:22:27.926] [main/DEBUG] [net.minecraftforge.registries.GameData/REGISTRIES]: Holder lookups applied: minecraft:command_argument_type
[13авг.2026 22:22:27.926] [main/DEBUG] [net.minecraftforge.registries.GameData/REGISTRIES]: Applying holder lookups: minecraft:villager_type
[13авг.2026 22:22:27.926] [main/DEBUG] [net.minecraftforge.registries.GameData/REGISTRIES]: Holder lookups applied: minecraft:villager_type
[13авг.2026 22:22:27.926] [main/DEBUG] [net.minecraftforge.registries.GameData/REGISTRIES]: Applying holder lookups: minecraft:villager_profession
[13авг.2026 22:22:27.927] [main/DEBUG] [net.minecraftforge.registries.GameData/REGISTRIES]: Holder lookups applied: minecraft:villager_profession
[13авг.2026 22:22:27.927] [main/DEBUG] [net.minecraftforge.registries.GameData/REGISTRIES]: Applying holder lookups: minecraft:point_of_interest_type
[13авг.2026 22:22:27.927] [main/DEBUG] [net.minecraftforge.registries.GameData/REGISTRIES]: Holder lookups applied: minecraft:point_of_interest_type
[13авг.2026 22:22:27.927] [main/DEBUG] [net.minecraftforge.registries.GameData/REGISTRIES]: Applying holder lookups: minecraft:schedule
[13авг.2026 22:22:27.927] [main/DEBUG] [net.minecraftforge.registries.GameData/REGISTRIES]: Holder lookups applied: minecraft:schedule
[13авг.2026 22:22:27.927] [main/DEBUG] [net.minecraftforge.registries.GameData/REGISTRIES]: Applying holder lookups: minecraft:activity
[13авг.2026 22:22:27.928] [main/DEBUG] [net.minecraftforge.registries.GameData/REGISTRIES]: Holder lookups applied: minecraft:activity
[13авг.2026 22:22:27.928] [main/DEBUG] [net.minecraftforge.registries.GameData/REGISTRIES]: Applying holder lookups: minecraft:loot_pool_entry_type
[13авг.2026 22:22:27.928] [main/DEBUG] [net.minecraftforge.registries.GameData/REGISTRIES]: Holder lookups applied: minecraft:loot_pool_entry_type
[13авг.2026 22:22:27.930] [main/DEBUG] [net.minecraftforge.registries.GameData/REGISTRIES]: Applying holder lookups: minecraft:loot_function_type
[13авг.2026 22:22:27.931] [main/DEBUG] [net.minecraftforge.registries.GameData/REGISTRIES]: Holder lookups applied: minecraft:loot_function_type
[13авг.2026 22:22:27.932] [main/DEBUG] [net.minecraftforge.registries.GameData/REGISTRIES]: Applying holder lookups: minecraft:loot_condition_type
[13авг.2026 22:22:27.932] [main/DEBUG] [net.minecraftforge.registries.GameData/REGISTRIES]: Holder lookups applied: minecraft:loot_condition_type
[13авг.2026 22:22:27.932] [main/DEBUG] [net.minecraftforge.registries.GameData/REGISTRIES]: Applying holder lookups: minecraft:loot_number_provider_type
[13авг.2026 22:22:27.933] [main/DEBUG] [net.minecraftforge.registries.GameData/REGISTRIES]: Holder lookups applied: minecraft:loot_number_provider_type
[13авг.2026 22:22:27.933] [main/DEBUG] [net.minecraftforge.registries.GameData/REGISTRIES]: Applying holder lookups: minecraft:loot_nbt_provider_type
[13авг.2026 22:22:27.933] [main/DEBUG] [net.minecraftforge.registries.GameData/REGISTRIES]: Holder lookups applied: minecraft:loot_nbt_provider_type
[13авг.2026 22:22:27.933] [main/DEBUG] [net.minecraftforge.registries.GameData/REGISTRIES]: Applying holder lookups: minecraft:loot_score_provider_type
[13авг.2026 22:22:27.933] [main/DEBUG] [net.minecraftforge.registries.GameData/REGISTRIES]: Holder lookups applied: minecraft:loot_score_provider_type
[13авг.2026 22:22:27.933] [main/DEBUG] [net.minecraftforge.registries.GameData/REGISTRIES]: Applying holder lookups: minecraft:float_provider_type
[13авг.2026 22:22:27.933] [main/DEBUG] [net.minecraftforge.registries.GameData/REGISTRIES]: Holder lookups applied: minecraft:float_provider_type
[13авг.2026 22:22:27.934] [main/DEBUG] [net.minecraftforge.registries.GameData/REGISTRIES]: Applying holder lookups: minecraft:int_provider_type
[13авг.2026 22:22:27.934] [main/DEBUG] [net.minecraftforge.registries.GameData/REGISTRIES]: Holder lookups applied: minecraft:int_provider_type
[13авг.2026 22:22:27.934] [main/DEBUG] [net.minecraftforge.registries.GameData/REGISTRIES]: Applying holder lookups: minecraft:height_provider_type
[13авг.2026 22:22:27.934] [main/DEBUG] [net.minecraftforge.registries.GameData/REGISTRIES]: Holder lookups applied: minecraft:height_provider_type
[13авг.2026 22:22:27.934] [main/DEBUG] [net.minecraftforge.registries.GameData/REGISTRIES]: Applying holder lookups: minecraft:block_predicate_type
[13авг.2026 22:22:27.934] [main/DEBUG] [net.minecraftforge.registries.GameData/REGISTRIES]: Holder lookups applied: minecraft:block_predicate_type
[13авг.2026 22:22:27.934] [main/DEBUG] [net.minecraftforge.registries.GameData/REGISTRIES]: Applying holder lookups: minecraft:worldgen/carver
[13авг.2026 22:22:27.935] [main/DEBUG] [net.minecraftforge.registries.GameData/REGISTRIES]: Holder lookups applied: minecraft:worldgen/carver
[13авг.2026 22:22:27.935] [main/DEBUG] [net.minecraftforge.registries.GameData/REGISTRIES]: Applying holder lookups: minecraft:worldgen/feature
[13авг.2026 22:22:27.935] [main/DEBUG] [net.minecraftforge.registries.GameData/REGISTRIES]: Holder lookups applied: minecraft:worldgen/feature
[13авг.2026 22:22:27.936] [main/DEBUG] [net.minecraftforge.registries.GameData/REGISTRIES]: Applying holder lookups: minecraft:worldgen/structure_processor
[13авг.2026 22:22:27.936] [main/DEBUG] [net.minecraftforge.registries.GameData/REGISTRIES]: Holder lookups applied: minecraft:worldgen/structure_processor
[13авг.2026 22:22:27.936] [main/DEBUG] [net.minecraftforge.registries.GameData/REGISTRIES]: Applying holder lookups: minecraft:worldgen/structure_placement
[13авг.2026 22:22:27.936] [main/DEBUG] [net.minecraftforge.registries.GameData/REGISTRIES]: Holder lookups applied: minecraft:worldgen/structure_placement
[13авг.2026 22:22:27.936] [main/DEBUG] [net.minecraftforge.registries.GameData/REGISTRIES]: Applying holder lookups: minecraft:worldgen/structure_piece
[13авг.2026 22:22:27.936] [main/DEBUG] [net.minecraftforge.registries.GameData/REGISTRIES]: Holder lookups applied: minecraft:worldgen/structure_piece
[13авг.2026 22:22:27.941] [main/DEBUG] [net.minecraftforge.registries.GameData/REGISTRIES]: Applying holder lookups: minecraft:worldgen/structure_type
[13авг.2026 22:22:27.942] [main/DEBUG] [net.minecraftforge.registries.GameData/REGISTRIES]: Holder lookups applied: minecraft:worldgen/structure_type
[13авг.2026 22:22:27.942] [main/DEBUG] [net.minecraftforge.registries.GameData/REGISTRIES]: Applying holder lookups: minecraft:worldgen/placement_modifier_type
[13авг.2026 22:22:27.942] [main/DEBUG] [net.minecraftforge.registries.GameData/REGISTRIES]: Holder lookups applied: minecraft:worldgen/placement_modifier_type
[13авг.2026 22:22:27.942] [main/DEBUG] [net.minecraftforge.registries.GameData/REGISTRIES]: Applying holder lookups: minecraft:worldgen/block_state_provider_type
[13авг.2026 22:22:27.943] [main/DEBUG] [net.minecraftforge.registries.GameData/REGISTRIES]: Holder lookups applied: minecraft:worldgen/block_state_provider_type
[13авг.2026 22:22:27.943] [main/DEBUG] [net.minecraftforge.registries.GameData/REGISTRIES]: Applying holder lookups: minecraft:worldgen/foliage_placer_type
[13авг.2026 22:22:27.943] [main/DEBUG] [net.minecraftforge.registries.GameData/REGISTRIES]: Holder lookups applied: minecraft:worldgen/foliage_placer_type
[13авг.2026 22:22:27.943] [main/DEBUG] [net.minecraftforge.registries.GameData/REGISTRIES]: Applying holder lookups: minecraft:worldgen/trunk_placer_type
[13авг.2026 22:22:27.943] [main/DEBUG] [net.minecraftforge.registries.GameData/REGISTRIES]: Holder lookups applied: minecraft:worldgen/trunk_placer_type
[13авг.2026 22:22:27.943] [main/DEBUG] [net.minecraftforge.registries.GameData/REGISTRIES]: Applying holder lookups: minecraft:worldgen/root_placer_type
[13авг.2026 22:22:27.944] [main/DEBUG] [net.minecraftforge.registries.GameData/REGISTRIES]: Holder lookups applied: minecraft:worldgen/root_placer_type
[13авг.2026 22:22:27.944] [main/DEBUG] [net.minecraftforge.registries.GameData/REGISTRIES]: Applying holder lookups: minecraft:worldgen/tree_decorator_type
[13авг.2026 22:22:27.944] [main/DEBUG] [net.minecraftforge.registries.GameData/REGISTRIES]: Holder lookups applied: minecraft:worldgen/tree_decorator_type
[13авг.2026 22:22:27.944] [main/DEBUG] [net.minecraftforge.registries.GameData/REGISTRIES]: Applying holder lookups: minecraft:worldgen/feature_size_type
[13авг.2026 22:22:27.944] [main/DEBUG] [net.minecraftforge.registries.GameData/REGISTRIES]: Holder lookups applied: minecraft:worldgen/feature_size_type
[13авг.2026 22:22:27.944] [main/DEBUG] [net.minecraftforge.registries.GameData/REGISTRIES]: Applying holder lookups: minecraft:worldgen/biome_source
[13авг.2026 22:22:27.945] [main/DEBUG] [net.minecraftforge.registries.GameData/REGISTRIES]: Holder lookups applied: minecraft:worldgen/biome_source
[13авг.2026 22:22:27.945] [main/DEBUG] [net.minecraftforge.registries.GameData/REGISTRIES]: Applying holder lookups: minecraft:worldgen/chunk_generator
[13авг.2026 22:22:27.945] [main/DEBUG] [net.minecraftforge.registries.GameData/REGISTRIES]: Holder lookups applied: minecraft:worldgen/chunk_generator
[13авг.2026 22:22:27.945] [main/DEBUG] [net.minecraftforge.registries.GameData/REGISTRIES]: Applying holder lookups: minecraft:worldgen/material_condition
[13авг.2026 22:22:27.945] [main/DEBUG] [net.minecraftforge.registries.GameData/REGISTRIES]: Holder lookups applied: minecraft:worldgen/material_condition
[13авг.2026 22:22:27.945] [main/DEBUG] [net.minecraftforge.registries.GameData/REGISTRIES]: Applying holder lookups: minecraft:worldgen/material_rule
[13авг.2026 22:22:27.946] [main/DEBUG] [net.minecraftforge.registries.GameData/REGISTRIES]: Holder lookups applied: minecraft:worldgen/material_rule
[13авг.2026 22:22:27.946] [main/DEBUG] [net.minecraftforge.registries.GameData/REGISTRIES]: Applying holder lookups: minecraft:worldgen/density_function_type
[13авг.2026 22:22:27.946] [main/DEBUG] [net.minecraftforge.registries.GameData/REGISTRIES]: Holder lookups applied: minecraft:worldgen/density_function_type
[13авг.2026 22:22:27.946] [main/DEBUG] [net.minecraftforge.registries.GameData/REGISTRIES]: Applying holder lookups: minecraft:worldgen/structure_pool_element
[13авг.2026 22:22:27.946] [main/DEBUG] [net.minecraftforge.registries.GameData/REGISTRIES]: Holder lookups applied: minecraft:worldgen/structure_pool_element
[13авг.2026 22:22:27.946] [main/DEBUG] [net.minecraftforge.registries.GameData/REGISTRIES]: Applying holder lookups: minecraft:cat_variant
[13авг.2026 22:22:27.947] [main/DEBUG] [net.minecraftforge.registries.GameData/REGISTRIES]: Holder lookups applied: minecraft:cat_variant
[13авг.2026 22:22:27.947] [main/DEBUG] [net.minecraftforge.registries.GameData/REGISTRIES]: Applying holder lookups: minecraft:frog_variant
[13авг.2026 22:22:27.947] [main/DEBUG] [net.minecraftforge.registries.GameData/REGISTRIES]: Holder lookups applied: minecraft:frog_variant
[13авг.2026 22:22:27.947] [main/DEBUG] [net.minecraftforge.registries.GameData/REGISTRIES]: Applying holder lookups: minecraft:banner_pattern
[13авг.2026 22:22:27.947] [main/DEBUG] [net.minecraftforge.registries.GameData/REGISTRIES]: Holder lookups applied: minecraft:banner_pattern
[13авг.2026 22:22:27.947] [main/DEBUG] [net.minecraftforge.registries.GameData/REGISTRIES]: Applying holder lookups: minecraft:instrument
[13авг.2026 22:22:27.948] [main/DEBUG] [net.minecraftforge.registries.GameData/REGISTRIES]: Holder lookups applied: minecraft:instrument
[13авг.2026 22:22:27.948] [main/DEBUG] [net.minecraftforge.registries.GameData/REGISTRIES]: Applying holder lookups: minecraft:decorated_pot_patterns
[13авг.2026 22:22:27.948] [main/DEBUG] [net.minecraftforge.registries.GameData/REGISTRIES]: Holder lookups applied: minecraft:decorated_pot_patterns
[13авг.2026 22:22:27.950] [main/DEBUG] [net.minecraftforge.registries.GameData/REGISTRIES]: Applying holder lookups: minecraft:creative_mode_tab
[13авг.2026 22:22:27.950] [main/DEBUG] [net.minecraftforge.registries.GameData/REGISTRIES]: Holder lookups applied: minecraft:creative_mode_tab
[13авг.2026 22:22:27.957] [main/DEBUG] [net.minecraftforge.registries.GameData/REGISTRIES]: Applying holder lookups: forge:biome_modifier_serializers
[13авг.2026 22:22:27.958] [main/DEBUG] [net.minecraftforge.registries.GameData/REGISTRIES]: Holder lookups applied: forge:biome_modifier_serializers
[13авг.2026 22:22:27.958] [main/DEBUG] [net.minecraftforge.registries.GameData/REGISTRIES]: Applying holder lookups: forge:display_contexts
[13авг.2026 22:22:27.959] [main/DEBUG] [net.minecraftforge.registries.GameData/REGISTRIES]: Holder lookups applied: forge:display_contexts
[13авг.2026 22:22:27.959] [main/DEBUG] [net.minecraftforge.registries.GameData/REGISTRIES]: Applying holder lookups: forge:entity_data_serializers
[13авг.2026 22:22:27.959] [main/DEBUG] [net.minecraftforge.registries.GameData/REGISTRIES]: Holder lookups applied: forge:entity_data_serializers
[13авг.2026 22:22:27.962] [main/DEBUG] [net.minecraftforge.registries.GameData/REGISTRIES]: Applying holder lookups: forge:fluid_type
[13авг.2026 22:22:27.962] [main/DEBUG] [net.minecraftforge.registries.GameData/REGISTRIES]: Holder lookups applied: forge:fluid_type
[13авг.2026 22:22:27.963] [main/DEBUG] [net.minecraftforge.registries.GameData/REGISTRIES]: Applying holder lookups: forge:global_loot_modifier_serializers
[13авг.2026 22:22:27.964] [main/DEBUG] [net.minecraftforge.registries.GameData/REGISTRIES]: Holder lookups applied: forge:global_loot_modifier_serializers
[13авг.2026 22:22:27.967] [main/DEBUG] [net.minecraftforge.registries.GameData/REGISTRIES]: Applying holder lookups: forge:holder_set_type
[13авг.2026 22:22:27.968] [main/DEBUG] [net.minecraftforge.registries.GameData/REGISTRIES]: Holder lookups applied: forge:holder_set_type
[13авг.2026 22:22:27.968] [main/DEBUG] [net.minecraftforge.registries.GameData/REGISTRIES]: Applying holder lookups: forge:structure_modifier_serializers
[13авг.2026 22:22:27.969] [main/DEBUG] [net.minecraftforge.registries.GameData/REGISTRIES]: Holder lookups applied: forge:structure_modifier_serializers
[13авг.2026 22:22:27.969] [main/DEBUG] [net.minecraftforge.registries.GameData/REGISTRIES]: Applying holder lookups: irons_spellbooks:schools
[13авг.2026 22:22:27.969] [main/DEBUG] [net.minecraftforge.registries.GameData/REGISTRIES]: Holder lookups applied: irons_spellbooks:schools
[13авг.2026 22:22:27.970] [main/DEBUG] [net.minecraftforge.registries.GameData/REGISTRIES]: Applying holder lookups: irons_spellbooks:spells
[13авг.2026 22:22:27.970] [main/DEBUG] [net.minecraftforge.registries.GameData/REGISTRIES]: Holder lookups applied: irons_spellbooks:spells
[13авг.2026 22:22:27.971] [main/DEBUG] [net.minecraftforge.registries.GameData/REGISTRIES]: Applying holder lookups: minecraft:worldgen/biome
[13авг.2026 22:22:27.971] [main/DEBUG] [net.minecraftforge.registries.GameData/REGISTRIES]: Holder lookups applied: minecraft:worldgen/biome
[13авг.2026 22:22:28.065] [Worker-Main-1/INFO] [mixin/]: Mixing compat117plus.compat1201minus.ServerChunkManagerMixin from pehkui.mixins.json into net.minecraft.server.level.ServerChunkCache
[13авг.2026 22:22:28.084] [main/WARN] [net.minecraft.server.packs.VanillaPackResourcesBuilder/]: Assets URL 'union:/C:/Users/Валера/.gradle/caches/forge_gradle/minecraft_user_repo/net/minecraftforge/forge/1.20.1-47.4.0_mapped_parchment_2023.09.03-1.20.1/forge-1.20.1-47.4.0_mapped_parchment_2023.09.03-1.20.1-recomp.jar%23191!/assets/.mcassetsroot' uses unexpected schema
[13авг.2026 22:22:28.084] [main/WARN] [net.minecraft.server.packs.VanillaPackResourcesBuilder/]: Assets URL 'union:/C:/Users/Валера/.gradle/caches/forge_gradle/minecraft_user_repo/net/minecraftforge/forge/1.20.1-47.4.0_mapped_parchment_2023.09.03-1.20.1/forge-1.20.1-47.4.0_mapped_parchment_2023.09.03-1.20.1-recomp.jar%23191!/data/.mcassetsroot' uses unexpected schema
[13авг.2026 22:22:28.189] [main/INFO] [net.minecraft.data.DataGenerator/]: Starting provider: Recipes
[13авг.2026 22:22:28.199] [main/INFO] [mixin/]: Mixing NbtPredicateMixin from pehkui.mixins.json into net.minecraft.advancements.critereon.NbtPredicate
[13авг.2026 22:22:28.199] [main/INFO] [mixin/]: Mixing MixinNbtPredicate from curios.mixins.json into net.minecraft.advancements.critereon.NbtPredicate
[13авг.2026 22:22:28.264] [main/INFO] [net.minecraft.data.DataGenerator/]: Recipes finished after 73 ms
[13авг.2026 22:22:28.264] [main/INFO] [net.minecraft.data.DataGenerator/]: Starting provider: Loot Tables
[13авг.2026 22:22:28.291] [main/INFO] [net.minecraft.data.DataGenerator/]: Loot Tables finished after 26 ms
[13авг.2026 22:22:28.291] [main/INFO] [net.minecraft.data.DataGenerator/]: Starting provider: Block States: dnmmod
[13авг.2026 22:22:28.397] [main/INFO] [net.minecraft.data.DataGenerator/]: Block States: dnmmod finished after 106 ms
[13авг.2026 22:22:28.398] [main/INFO] [net.minecraft.data.DataGenerator/]: Starting provider: Item Models: dnmmod
[13авг.2026 22:22:28.425] [main/INFO] [net.minecraft.data.DataGenerator/]: Item Models: dnmmod finished after 27 ms
[13авг.2026 22:22:28.425] [main/INFO] [net.minecraft.data.DataGenerator/]: Starting provider: Tags for minecraft:block mod id dnmmod
[13авг.2026 22:22:28.433] [main/INFO] [net.minecraft.data.DataGenerator/]: Tags for minecraft:block mod id dnmmod finished after 7 ms
[13авг.2026 22:22:28.433] [main/INFO] [net.minecraft.data.DataGenerator/]: Starting provider: Tags for minecraft:item mod id dnmmod
[13авг.2026 22:22:28.434] [main/INFO] [net.minecraft.data.DataGenerator/]: Tags for minecraft:item mod id dnmmod finished after 0 ms
[13авг.2026 22:22:28.434] [main/INFO] [net.minecraft.data.DataGenerator/]: All providers took: 244 ms
[13авг.2026 22:22:28.452] [main/INFO] [net.minecraft.data.HashCache/]: Caching: total files: 272, old count: 270, new count: 273, removed stale: 0, written: 2
